CVE-2012-3412	v3.2.30~89
CVE-2012-4461	v3.2.36~169
CVE-2012-3511	v3.2.23~4
CVE-2012-2669	v3.2.22~45
CVE-2012-2372	v3.2.55~79
CVE-2012-2119	v3.2.24~94
CVE-2012-2390	v3.2.20~57
CVE-2012-2375	v3.2.15~10
CVE-2011-4131	v3.2.2~106
CVE-2012-2136	v3.2.23~21
CVE-2012-3430	v3.2.31~55
CVE-2012-3400	v3.2.23~23
CVE-2012-2137	v3.2.24~89
CVE-2012-2319	v3.2.17~19
CVE-2012-2745	v3.2.15~4
CVE-2012-3364	v3.2.23~45
CVE-2012-2313	v3.2.19~34
CVE-2012-3520	v3.2.30~67
CVE-2012-0957	v3.2.33~42
CVE-2012-6536	v3.2.31~27
CVE-2012-4508	v3.2.33~71
CVE-2012-4530	v3.2.40~6
CVE-2012-4565	v3.2.34~12
CVE-2012-6538	v3.2.31~32
CVE-2012-6539	v3.2.30~69
CVE-2012-6540	v3.2.30~70
CVE-2012-6541	v3.2.30~71
CVE-2012-6545	v3.2.30~74
CVE-2012-6548	v3.2.42~65
CVE-2012-6547	v3.2.28~27
CVE-2012-6549	v3.2.42~64
CVE-2012-6544	v3.2.30~73
CVE-2012-6657	v3.2.31~14
CVE-2012-6546	v3.2.30~79
CVE-2012-6537	v3.2.31~29
CVE-2012-6542	v3.2.30~72
CVE-2012-6638	v3.2.24~107
CVE-2012-6647	v3.2.27~46
CVE-2012-5517	v3.2.41~8
CVE-2012-6689	v3.2.30~66
CVE-2012-6701	v3.2.19~85
CVE-2012-6704	v3.2.85~25
CVE-2013-0871	v3.2.39~33
CVE-2013-0217	v3.2.39~11
CVE-2013-0231	v3.2.40~34
CVE-2013-1797	v3.2.44~5
CVE-2013-0268	v3.2.38~35
CVE-2013-0311	v3.2.40~17
CVE-2013-0216	v3.2.39~9
CVE-2013-0313	v3.2.38~58
CVE-2013-0343	v3.2.52~143
CVE-2013-0913	v3.2.42~36
CVE-2013-0310	v3.2.28~34
CVE-2013-1059	v3.2.49~23
CVE-2013-0349	v3.2.38~51
CVE-2013-0160	v3.2.45~46
CVE-2013-1774	v3.2.38~64
CVE-2013-1792	v3.2.41~27
CVE-2013-0914	v3.2.41~19
CVE-2013-1773	v3.2.41~2
CVE-2013-1767	v3.2.40~54
CVE-2013-1796	v3.2.44~6
CVE-2013-1798	v3.2.44~4
CVE-2013-1826	v3.2.31~35
CVE-2013-1928	v3.2.33~8
CVE-2013-1929	v3.2.43~40
CVE-2013-2094	v3.2.45~42
CVE-2013-1848	v3.2.41~28
CVE-2013-1860	v3.2.41~20
CVE-2013-2146	v3.2.45~41
CVE-2013-2141	v3.2.44~26
CVE-2013-2147	v3.2.52~11
CVE-2013-2234	v3.2.50~79
CVE-2013-2232	v3.2.50~80
CVE-2013-2148	v3.2.50~55
CVE-2013-2596	v3.2.45~37
CVE-2013-2634	v3.2.42~78
CVE-2013-2164	v3.2.49~6
CVE-2013-2850	v3.2.47~75
CVE-2013-2237	v3.2.51~106
CVE-2013-2851	v3.2.49~20
CVE-2013-2852	v3.2.47~15
CVE-2013-2888	v3.2.52~113
CVE-2013-2893	v3.2.52~82
CVE-2013-2892	v3.2.52~98
CVE-2013-2895	v3.2.52~80
CVE-2013-2896	v3.2.52~97
CVE-2013-2899	v3.2.52~96
CVE-2013-4162	v3.2.50~72
CVE-2013-2889	v3.2.52~83
CVE-2013-2930	v3.12.2~98
CVE-2013-4312	v3.2.78~7
CVE-2013-3232	v3.2.45~14
CVE-2013-3076	v3.2.44^0
CVE-2013-3234	v3.2.45~13
CVE-2013-3222	v3.2.45~22
CVE-2013-3223	v3.2.45~21
CVE-2013-3224	v3.2.45~20
CVE-2013-4299	v3.2.53~19
CVE-2013-4513	v3.12~28
CVE-2013-4516	v3.12~24
CVE-2013-4348	v3.2.54~7
CVE-2013-4387	v3.2.52~45
CVE-2013-4350	v3.2.52~48
CVE-2013-4345	v3.2.54~14
CVE-2013-4512	v3.2.53~6
CVE-2013-4483	v3.2.57~14
CVE-2013-4515	v3.2.53~3
CVE-2013-4514	v3.2.53~4
CVE-2013-4579	v3.2.55~57
CVE-2013-4511	v3.2.53~6
CVE-2013-4587	v3.2.54~45
CVE-2013-4563	v3.12.4~82
CVE-2013-6367	v3.2.54~44
CVE-2013-4592	v3.2.54~13
CVE-2013-6376	v3.12.6~102
CVE-2013-6378	v3.2.54~10
CVE-2013-6380	v3.2.54~9
CVE-2013-6885	v3.2.67~15
CVE-2013-6368	v3.2.55~56
CVE-2013-6381	v3.2.54~150
CVE-2013-6382	v3.2.54~8
CVE-2013-6383	v3.2.53~5
CVE-2013-6432	v3.12.4~56
CVE-2013-7026	v3.12.2~105
CVE-2013-7027	v3.2.53~22
CVE-2013-7446	v3.2.75~52
CVE-2013-7339	v3.2.55~71
CVE-2013-7348	v3.12.4~6
CVE-2014-0038	v3.12.10~126
CVE-2014-0049	v3.12.14~75
CVE-2014-0055	v3.2.58~88
CVE-2014-0069	v3.2.57~3
CVE-2014-0077	v3.2.58~89
CVE-2014-0100	v3.12.18~50
CVE-2014-0101	v3.2.56~4
CVE-2014-0131	v3.2.61~2
CVE-2014-0196	v3.2.59~4
CVE-2014-0206	v3.12.24~139
CVE-2014-0155	v3.12.19~31
CVE-2014-1445	v3.2.53~71
CVE-2014-1690	v3.12.8~7
CVE-2014-1444	v3.2.53~77
CVE-2014-1737	v3.2.59~3
CVE-2014-2580	v3.12.18~9
CVE-2014-1446	v3.2.55~72
CVE-2014-1739	v3.2.60~50
CVE-2014-1738	v3.2.59~2
CVE-2014-2038	v3.12.11~68
CVE-2014-2309	v3.2.58~77
CVE-2014-2523	v3.2.57~15
CVE-2014-2672	v3.2.56~65
CVE-2014-2678	v3.2.58~82
CVE-2014-2739	v3.14.3~74
CVE-2014-2673	v3.12.15~75
CVE-2014-2851	v3.2.60~83
CVE-2014-3122	v3.2.58~17
CVE-2014-3144	v3.2.60~82
CVE-2014-3145	v3.2.60~82
CVE-2014-2706	v3.2.56~67
CVE-2014-3153	v3.2.60~2
CVE-2014-3183	v3.16.2~123
CVE-2014-3182	v3.2.63~50
CVE-2014-3181	v3.2.63~43
CVE-2014-3185	v3.2.63~48
CVE-2014-3186	v3.2.63~42
CVE-2014-3534	v3.2.62~30
CVE-2014-3601	v3.2.63~56
CVE-2014-3646	v3.2.64~19
CVE-2014-3611	v3.2.64~21
CVE-2014-3631	v3.14.19~2
CVE-2014-3610	v3.2.64~22
CVE-2014-3673	v3.2.64~13
CVE-2014-3687	v3.2.64~12
CVE-2014-3647	v3.2.64~16
CVE-2014-3688	v3.2.64~11
CVE-2014-3917	v3.2.61~54
CVE-2014-3690	v3.2.64~10
CVE-2014-3940	v3.12.24~142
CVE-2014-4014	v3.12.23~51
CVE-2014-4652	v3.2.61~44
CVE-2014-4171	v3.2.62~26
CVE-2014-4608	v3.2.65~132
CVE-2014-4611	v3.12.24~119
CVE-2014-4654	v3.2.61~43
CVE-2014-4653	v3.2.61~42
CVE-2014-4655	v3.2.61~43
CVE-2014-4656	v3.2.61~41
CVE-2014-4667	v3.2.61~14
CVE-2014-5045	v3.12.26~6
CVE-2014-5206	v3.12.27~43
CVE-2014-5077	v3.2.63~29
CVE-2014-5207	v3.12.27~41
CVE-2014-5471	v3.2.63~51
CVE-2014-5472	v3.2.63~51
CVE-2014-6410	v3.2.66~22
CVE-2014-7284	v3.14.5~16
CVE-2014-6417	v3.2.64~69
CVE-2014-6418	v3.2.64~69
CVE-2014-7207	v3.2.64~23
CVE-2014-7283	v3.12.19~16
CVE-2014-6416	v3.2.64~69
CVE-2014-7825	v3.2.65~64
CVE-2014-7826	v3.2.65~64
CVE-2014-7841	v3.2.66~21
CVE-2014-7842	v3.2.66~20
CVE-2014-7970	v3.12.33~129
CVE-2014-7975	v3.12.31^0
CVE-2014-8086	v3.16.35~3803
CVE-2014-8133	v3.2.66~19
CVE-2014-8159	v3.2.69~53
CVE-2014-8134	v3.2.66~17
CVE-2014-8160	v3.2.67~5
CVE-2014-8989	v3.12.36~23
CVE-2014-8172	v3.12.45~53
CVE-2014-8709	v3.2.56~115
CVE-2014-8884	v3.2.66~18
CVE-2014-9419	v3.2.67~99
CVE-2014-9428	v3.14.30~93
CVE-2014-9420	v3.2.67~94
CVE-2014-9529	v3.2.67~13
CVE-2014-9584	v3.2.67~88
CVE-2014-9585	v3.2.67~83
CVE-2014-9683	v3.2.67~114
CVE-2014-9710	v3.12.45~58
CVE-2014-9728	v3.2.67~87
CVE-2014-9729	v3.2.67~87
CVE-2014-9730	v3.2.67~82
CVE-2014-9888	v3.2.85~24
CVE-2014-9895	v3.2.85~23
CVE-2014-9904	v3.12.62~6
CVE-2014-9914	v3.12.23~6
CVE-2014-9940	v3.16.45~5
CVE-2015-0239	v3.2.67~3
CVE-2014-9922	v3.2.82~11
CVE-2015-0275	v3.16.35~2156
CVE-2015-1333	v3.14.49~45
CVE-2015-1465	v3.16.35~2890
CVE-2015-1350	v3.2.84~8
CVE-2015-1421	v3.2.67~22
CVE-2015-1420	v3.2.70~55
CVE-2015-1573	v3.18.5~11
CVE-2015-1593	v3.2.69~167
CVE-2015-2041	v3.2.69~46
CVE-2015-2666	v3.12.40~42
CVE-2015-2150	v3.2.69~95
CVE-2015-2042	v3.2.69~45
CVE-2015-2922	v3.2.69~44
CVE-2015-2925	v3.2.72~79
CVE-2015-3288	v3.2.71~33
CVE-2015-3331	v3.2.69~90
CVE-2015-3636	v3.2.69~42
CVE-2015-4003	v3.12.45~106
CVE-2015-4002	v3.12.45~107
CVE-2015-4001	v3.16.35~1899
CVE-2015-4036	v3.12.44~80
CVE-2015-4178	v3.18.15~119
CVE-2015-4177	v3.12.44~102
CVE-2015-4167	v3.2.69~215
CVE-2015-4170	v3.12.7~148
CVE-2015-4700	v3.2.70~64
CVE-2015-5156	v3.2.72~18
CVE-2015-5283	v3.12.49~11
CVE-2015-5257	v3.2.72~21
CVE-2015-5327	v4.3.2~2
CVE-2015-5364	v3.2.70~40
CVE-2015-5366	v3.2.70~40
CVE-2015-5697	v3.2.72~20
CVE-2015-5706	v3.12.47~14
CVE-2015-6252	v3.2.71~5
CVE-2015-5707	v3.2.70~132
CVE-2015-6526	v3.2.70~126
CVE-2015-7509	v3.2.66~14
CVE-2015-7513	v3.2.76~29
CVE-2015-6937	v3.2.72~17
CVE-2015-7515	v3.2.79~4
CVE-2015-7550	v3.2.76~40
CVE-2015-7566	v3.2.78~56
CVE-2015-7613	v3.2.72~15
CVE-2015-7799	v3.2.75~3
CVE-2015-7833	v4.5.3~149
CVE-2015-7872	v3.2.73~2
CVE-2015-7990	v4.3.3~35
CVE-2015-7884	v4.1.17~7
CVE-2015-7885	v3.12.53~24
CVE-2015-8104	v3.2.74~13
CVE-2015-8215	v3.2.72~19
CVE-2015-8374	v3.2.74~38
CVE-2015-8551	v3.2.76~47
CVE-2015-8552	v3.2.76~47
CVE-2015-8569	v3.2.75~7
CVE-2015-8553	v3.2.76~43
CVE-2015-8709	v3.16.52~10
CVE-2015-8746	v3.14.54~60
CVE-2015-8575	v3.2.75~6
CVE-2015-8660	v3.18.31~160
CVE-2015-8767	v3.2.77~6
CVE-2015-8787	v4.1.30^0
CVE-2015-8785	v3.2.74^0
CVE-2015-8844	v3.12.54~26
CVE-2015-8812	v3.2.78~4
CVE-2015-8816	v3.2.76~41
CVE-2015-8845	v3.14.60~14
CVE-2015-8955	v3.16.39~21
CVE-2015-8961	v4.3.3~17
CVE-2015-8950	v3.14.46^0
CVE-2015-8956	v3.16.39~20
CVE-2015-8953	v4.1.13~26
CVE-2015-8962	v3.2.85~22
CVE-2015-8963	v3.2.85~21
CVE-2015-9004	v3.2.95~103
CVE-2015-8964	v3.2.85~19
CVE-2015-8970	v3.2.77~21
CVE-2015-8967	v3.18.54~21
CVE-2016-0617	v4.4.3~29
CVE-2016-0723	v3.2.78~45
CVE-2015-9289	v3.2.71~105
CVE-2016-0728	v3.12.53~16
CVE-2016-0758	v3.12.60~4
CVE-2016-0823	v3.2.69~88
CVE-2016-10044	v3.16.43~3
CVE-2016-10147	v4.4.39~9
CVE-2016-10088	v3.2.85~4
CVE-2016-10150	v4.8.13~10
CVE-2016-10153	v4.9.6~53
CVE-2016-10200	v3.2.88~3
CVE-2016-10154	v4.9.1~18
CVE-2016-10229	v3.2.76~26
CVE-2016-10208	v3.12.71~25
CVE-2016-10318	v4.1.50~25
CVE-2016-10905	v3.16.74~31
CVE-2016-10764	v4.9.6~19
CVE-2016-10907	v4.8.6~60
CVE-2016-10906	v3.16.74~30
CVE-2016-10741	v3.16.63^0
CVE-2016-1237	v3.14.74~32
CVE-2016-2069	v3.2.77~49
CVE-2016-1575	v4.1.18~214
CVE-2016-1576	v4.1.18~214
CVE-2016-1583	v3.2.82~10
CVE-2016-2053	v3.16.35~504
CVE-2016-2070	v4.3.5~64
CVE-2016-2117	v3.12.60~14
CVE-2016-2085	v3.12.59~4
CVE-2016-2184	v3.2.80~80
CVE-2016-2185	v3.2.80~60
CVE-2016-2186	v3.2.80~83
CVE-2016-2187	v3.2.81~38
CVE-2016-2188	v3.2.89~34
CVE-2016-2383	v4.1.19~15
CVE-2016-2384	v3.2.78~8
CVE-2016-2543	v3.2.77~46
CVE-2016-2544	v3.2.77~45
CVE-2016-2545	v3.2.77~42
CVE-2016-2546	v3.2.77~41
CVE-2016-2547	v3.2.77~32
CVE-2016-2548	v3.2.77~32
CVE-2016-2549	v3.2.77~28
CVE-2016-2847	v3.2.78~5
CVE-2016-2782	v3.2.78~57
CVE-2016-3135	v4.4.21~65
CVE-2016-3070	v3.12.63~100
CVE-2016-3134	v3.2.80~2
CVE-2016-3136	v3.2.80~51
CVE-2016-3137	v3.2.80~50
CVE-2016-3138	v3.2.80~69
CVE-2016-3140	v3.2.80~49
CVE-2016-3156	v3.2.80~33
CVE-2016-3157	v3.2.80~76
CVE-2016-3689	v3.12.58~9
CVE-2016-3672	v3.2.80~36
CVE-2016-3713	v4.4.12~31
CVE-2016-3857	v3.2.84~88
CVE-2016-3951	v3.12.59~19
CVE-2016-3955	v3.2.80~34
CVE-2016-4482	v3.2.82~9
CVE-2016-4470	v3.2.82~40
CVE-2016-4558	v4.4.11~58
CVE-2016-4485	v3.2.81~4
CVE-2016-4486	v3.2.81~3
CVE-2016-4557	v4.4.11~59
CVE-2016-4568	v4.4.9~53
CVE-2016-4569	v3.2.82~8
CVE-2016-4578	v3.2.82~7
CVE-2016-4580	v3.2.81~2
CVE-2016-4581	v3.16.36~40
CVE-2016-4794	v3.18.37~226
CVE-2016-4805	v3.2.80~61
CVE-2016-4913	v3.2.81~6
CVE-2016-4951	v4.1.28~36
CVE-2016-5195	v3.12.66~2
CVE-2016-4997	v3.12.62~56
CVE-2016-4998	v3.12.62~56
CVE-2016-5400	v3.18.39~11
CVE-2016-5243	v3.2.82~5
CVE-2016-5244	v3.2.82~4
CVE-2016-5696	v3.12.63~54
CVE-2016-5728	v3.16.37~19
CVE-2016-5828	v3.14.74~42
CVE-2016-6162	v4.7~2^2~29
CVE-2016-6130	v3.12.64~79
CVE-2016-5829	v3.2.82~27
CVE-2016-6187	v4.6.5~113
CVE-2016-6156	v4.4.17~24
CVE-2016-6136	v3.2.82~2
CVE-2016-6197	v3.18.39~8
CVE-2016-6198	v4.4.11~18
CVE-2016-6327	v3.12.65~50
CVE-2016-6516	v4.6.6~4
CVE-2016-6480	v3.2.84~93
CVE-2016-6786	v3.2.85~16
CVE-2016-6787	v3.2.85~16
CVE-2016-7042	v3.2.84~12
CVE-2016-7117	v3.2.80~82
CVE-2016-7425	v3.2.84~11
CVE-2016-7910	v3.2.84~98
CVE-2016-7911	v3.2.85~13
CVE-2016-7912	v3.16.40~17
CVE-2016-7913	v3.12.70~13
CVE-2016-7914	v3.14.68~37
CVE-2016-7915	v3.2.85~12
CVE-2016-7916	v3.2.81~8
CVE-2016-8399	v4.1.37~4
CVE-2016-7917	v3.16.40~15
CVE-2016-8405	v3.2.85~11
CVE-2016-8630	v4.4.31~4
CVE-2016-8645	v3.2.85~7
CVE-2016-8636	v4.9.10~6
CVE-2016-8633	v3.2.84~10
CVE-2016-8646	v3.2.74~27
CVE-2016-8650	v3.12.69~22
CVE-2016-8655	v3.2.85~32
CVE-2016-8658	v3.12.66~4
CVE-2016-9084	v3.12.70~15
CVE-2016-9083	v3.12.70~15
CVE-2016-9120	v3.16.40~9
CVE-2016-9576	v4.9~22
CVE-2016-9191	v3.12.70~72
CVE-2016-9313	v4.8.7~116
CVE-2016-9588	v3.2.85^0
CVE-2016-9555	v3.2.85~5
CVE-2016-9644	v4.1.35^0
CVE-2016-9604	v3.2.89~31
CVE-2016-9754	v3.12.61~39
CVE-2016-9685	v3.2.80~98
CVE-2016-9756	v4.4.36~22
CVE-2016-9793	v3.12.69~6
CVE-2016-9777	v4.8.12~34
CVE-2016-9794	v3.2.85~2
CVE-2016-9806	v3.12.62~76
CVE-2017-0605	v3.2.89~14
CVE-2017-0627	v3.2.96~44
CVE-2017-0750	v3.18.51^0
CVE-2017-0786	v3.16.50~114
CVE-2017-0861	v3.2.100~110
CVE-2017-1000	v3.16.47~4
CVE-2017-1000111	v3.2.92~2
CVE-2017-1000112	v3.16.47~4
CVE-2017-1000251	v3.2.94~11
CVE-2017-1000252	v4.4.90~20
CVE-2017-1000253	v3.2.70~124
CVE-2017-1000363	v3.2.91~5
CVE-2017-1000365	v3.2.91~4
CVE-2017-1000370	v4.1.43~23
CVE-2017-1000371	v4.1.43~23
CVE-2017-1000380	v3.2.91~3
CVE-2017-1000407	v3.2.97~8
CVE-2017-1000410	v3.16.54~20
CVE-2017-10662	v3.18.53~4
CVE-2017-10661	v3.2.92~4
CVE-2017-10663	v3.18.64~26
CVE-2017-10911	v3.2.91~6
CVE-2017-10810	v4.4.77~51
CVE-2017-11089	v3.16.49~96
CVE-2017-11176	v3.2.92~3
CVE-2017-11472	v4.4.114~48
CVE-2017-11473	v3.2.95~138
CVE-2017-11600	v3.2.93~9
CVE-2017-12134	v3.2.93~8
CVE-2017-12146	v3.18.60^0
CVE-2017-12153	v3.2.94~16
CVE-2017-12168	v4.8.11~65
CVE-2017-12188	v4.9.57~2
CVE-2017-12154	v3.2.94~15
CVE-2017-12190	v3.2.95~70
CVE-2017-12192	v3.16.50~112
CVE-2017-12193	v3.16.50~111
CVE-2017-12762	v3.18.64~77
CVE-2017-13166	v4.14.20~77
CVE-2017-13080	v3.2.95~69
CVE-2017-13168	v3.16.61~166
CVE-2017-13167	v3.2.78~12
CVE-2017-13215	v3.2.77~7
CVE-2017-13216	v3.16.54~22
CVE-2017-13305	v3.16.62~9
CVE-2017-13220	v3.16.57~404
CVE-2017-13695	v3.18.111~42
CVE-2017-14051	v3.2.96~33
CVE-2017-14140	v3.2.93~3
CVE-2017-14106	v3.2.93~10
CVE-2017-14156	v3.2.94~14
CVE-2017-14497	v4.9.51~71
CVE-2017-14489	v3.2.94~12
CVE-2017-14991	v3.16.85~29
CVE-2017-14954	v4.13.5~25
CVE-2017-15102	v3.2.85~101
CVE-2017-15126	v4.13.6~60
CVE-2017-15115	v3.2.96~9
CVE-2017-15128	v4.13.12~19
CVE-2017-15129	v4.4.109~19
CVE-2017-15265	v3.2.95~68
CVE-2017-15299	v3.2.95~67
CVE-2017-15274	v3.2.93~33
CVE-2017-15306	v4.9.60~19
CVE-2017-15537	v3.18.73~5
CVE-2017-15649	v3.2.95~64
CVE-2017-15868	v3.2.97~10
CVE-2017-16525	v3.2.96~8
CVE-2017-16526	v3.2.97~89
CVE-2017-16527	v3.2.95~63
CVE-2017-16530	v3.16.50~103
CVE-2017-16528	v4.1.47~69
CVE-2017-16529	v3.2.95~62
CVE-2017-16532	v3.2.95~60
CVE-2017-16531	v3.2.95~61
CVE-2017-16533	v3.2.95~59
CVE-2017-16534	v3.18.85~21
CVE-2017-16535	v3.2.95~58
CVE-2017-16536	v3.2.96~7
CVE-2017-16537	v3.2.96~6
CVE-2017-16538	v3.16.57~403
CVE-2017-16643	v3.2.96~5
CVE-2017-16644	v4.9.82~75
CVE-2017-16646	v3.18.83~38
CVE-2017-16645	v3.16.52~19
CVE-2017-16647	v4.9.65~19
CVE-2017-16648	v4.14.7~2
CVE-2017-16649	v3.2.96~4
CVE-2017-16650	v3.16.51~9
CVE-2017-16911	v3.2.99~6
CVE-2017-16912	v3.2.99~8
CVE-2017-16913	v3.2.99~7
CVE-2017-16914	v3.2.99~5
CVE-2017-16939	v3.2.97~34
CVE-2017-16994	v4.1.47~2
CVE-2017-16995	v4.4.123~2
CVE-2017-16996	v4.14.9~9
CVE-2017-17052	v4.9.46~45
CVE-2017-17448	v3.16.52~18
CVE-2017-17449	v3.16.52~17
CVE-2017-17450	v3.16.52~16
CVE-2017-17558	v3.2.97~9
CVE-2017-17712	v4.1.52~548
CVE-2017-17741	v3.2.97~5
CVE-2017-17805	v3.2.97~4
CVE-2017-17854	v4.14.9~4
CVE-2017-17807	v3.2.97~2
CVE-2017-17853	v4.14.9~11
CVE-2017-17855	v4.14.9~5
CVE-2017-17806	v3.2.97~3
CVE-2017-17857	v4.14.9~7
CVE-2017-17852	v4.14.9~8
CVE-2017-17864	v4.9.72~4
CVE-2017-17856	v4.14.9~6
CVE-2017-17975	v3.18.103~16
CVE-2017-18075	v4.4.111~19
CVE-2017-18079	v3.2.94~33
CVE-2017-18017	v3.2.99~15
CVE-2017-18193	v4.4.120~34
CVE-2017-18202	v4.9.68~104
CVE-2017-18203	v3.2.99~45
CVE-2017-18204	v3.18.84~4
CVE-2017-18208	v3.2.102~153
CVE-2017-18216	v3.2.102~152
CVE-2017-18222	v4.4.124~31
CVE-2017-18221	v3.16.48~122
CVE-2017-18224	v4.9.114~57
CVE-2017-18249	v4.4.172~86
CVE-2017-18241	v3.16.57~398
CVE-2017-18218	v4.9.92~2
CVE-2017-18255	v3.18.109~23
CVE-2017-18257	v4.4.132~16
CVE-2017-18344	v3.2.100~94
CVE-2017-18509	v3.16.71^0
CVE-2017-18360	v3.2.93~100
CVE-2017-18595	v3.16.55~112
CVE-2017-18551	v3.2.100~34
CVE-2017-2583	v3.12.70~85
CVE-2017-2584	v3.12.70~82
CVE-2017-2596	v3.16.42~7
CVE-2017-2618	v3.12.71~76
CVE-2017-2636	v3.2.87~2
CVE-2017-2671	v3.2.89~30
CVE-2017-5546	v4.9.5~100
CVE-2017-5548	v4.9.6~86
CVE-2017-5123	v4.13.7~2
CVE-2017-5547	v4.4.45~27
CVE-2017-5549	v3.2.86~4
CVE-2017-5550	v4.9.5~68
CVE-2017-5576	v4.9.7~61
CVE-2017-5551	v3.12.70~2
CVE-2017-5577	v4.9.7~60
CVE-2017-5669	v3.2.87~7
CVE-2017-5970	v3.2.87^0
CVE-2017-5897	v3.12.71~59
CVE-2017-5986	v3.2.87~6
CVE-2017-6001	v3.2.85~14
CVE-2017-6074	v3.2.86~3
CVE-2017-6345	v3.12.71~44
CVE-2017-6214	v3.2.86~2
CVE-2017-6347	v4.4.52~18
CVE-2017-6346	v3.2.87~56
CVE-2017-6874	v4.9.16~29
CVE-2017-6348	v3.2.87~49
CVE-2017-6353	v3.2.87~5
CVE-2017-7184	v3.2.89~29
CVE-2017-7187	v3.18.50~80
CVE-2017-7261	v3.2.89~27
CVE-2017-7277	v4.10.14~27
CVE-2017-7273	v3.2.87~115
CVE-2017-7294	v3.2.89~26
CVE-2017-7308	v3.2.89~24
CVE-2017-7346	v3.16.45~4
CVE-2017-7477	v4.9.26~5
CVE-2017-7472	v3.2.89~21
CVE-2017-7487	v3.2.89~13
CVE-2017-7482	v3.2.90~4
CVE-2017-7518	v3.16.45~2
CVE-2017-7495	v3.12.70~232
CVE-2017-7541	v3.16.48~6
CVE-2017-7542	v3.2.92~5
CVE-2017-7558	v4.9.51~75
CVE-2017-7616	v3.2.89~20
CVE-2017-7618	v3.2.89~15
CVE-2017-7645	v3.2.89~12
CVE-2017-7889	v3.2.91~7
CVE-2017-7895	v3.2.89~10
CVE-2017-8061	v4.9.24~6
CVE-2017-8063	v4.9.24~5
CVE-2017-8062	v4.9.16~27
CVE-2017-8064	v3.12.74~52
CVE-2017-8068	v4.9.11~20
CVE-2017-8067	v4.9.24~4
CVE-2017-8071	v4.9.9~62
CVE-2017-8069	v4.9.11~19
CVE-2017-8066	v4.9.14~59
CVE-2017-8070	v4.9.11~17
CVE-2017-8072	v4.9.9~61
CVE-2017-8240	v3.18.5~60
CVE-2017-8797	v4.9.30~5
CVE-2017-8824	v3.2.97~13
CVE-2017-8831	v3.2.94~17
CVE-2017-8890	v3.2.89~9
CVE-2017-8924	v3.2.89~8
CVE-2017-9059	v4.9.52~73
CVE-2017-8925	v3.2.89~7
CVE-2017-9074	v3.2.89~6
CVE-2017-9076	v3.2.89~3
CVE-2017-9077	v3.2.89~3
CVE-2017-9075	v3.2.89~4
CVE-2017-9211	v4.9.31~54
CVE-2017-9150	v4.4.100~57
CVE-2017-9242	v3.2.89~2
CVE-2017-9605	v3.16.46~7
CVE-2017-9725	v3.16.64~16
CVE-2017-9984	v3.18.71~5
CVE-2017-9985	v3.18.71~5
CVE-2018-1000026	v4.4.181~28
CVE-2018-1000004	v3.2.99~12
CVE-2018-1000200	v4.14.41~32
CVE-2018-1000028	v3.2.100~95
CVE-2018-1000199	v3.2.102~129
CVE-2018-1000204	v3.16.58~45
CVE-2018-10021	v3.16.58~43
CVE-2018-10087	v3.18.110~25
CVE-2018-10124	v3.18.111~176
CVE-2018-1065	v4.4.122~31
CVE-2018-10323	v3.16.58~42
CVE-2018-1066	v3.16.65~2
CVE-2018-10675	v3.2.95~110
CVE-2018-1087	v3.16.57~394
CVE-2018-10853	v4.14.50~14
CVE-2018-10840	v4.14.52~37
CVE-2018-1068	v3.2.102~151
CVE-2018-10877	v3.16.58~39
CVE-2018-10876	v3.16.58~41
CVE-2018-10878	v3.16.58~38
CVE-2018-10880	v3.16.58~32
CVE-2018-10882	v3.16.58~30
CVE-2018-10879	v3.16.58~36
CVE-2018-10881	v3.16.58~31
CVE-2018-10883	v3.16.58~29
CVE-2018-10902	v3.16.58~23
CVE-2018-1091	v4.9.53~40
CVE-2018-1092	v3.2.102~149
CVE-2018-10938	v3.18.121~56
CVE-2018-1093	v3.2.102~147
CVE-2018-1094	v4.14.36~85
CVE-2018-10940	v3.2.102~131
CVE-2018-1095	v4.14.36~87
CVE-2018-1108	v4.9.96~22
CVE-2018-1120	v4.4.168~7
CVE-2018-1129	v4.9.144~49
CVE-2018-11232	v4.10.2~131
CVE-2018-1118	v4.9.110~3
CVE-2018-11412	v4.14.52~39
CVE-2018-12126	v4.14.119~6
CVE-2018-11506	v4.14.45~473
CVE-2018-11508	v4.14.41~42
CVE-2018-1130	v3.2.102~145
CVE-2018-12127	v4.14.119~6
CVE-2018-12130	v4.14.119~6
CVE-2018-12896	v3.16.62~7
CVE-2018-12714	v4.17.4~30
CVE-2018-12633	v4.17.4~2
CVE-2018-12233	v3.16.58~46
CVE-2018-12232	v4.14.52~47
CVE-2018-12904	v4.14.50~31
CVE-2018-13053	v3.16.62~313
CVE-2018-13096	v4.4.172~76
CVE-2018-13094	v3.16.58~12
CVE-2018-13093	v3.16.58~13
CVE-2018-13098	v4.14.86~100
CVE-2018-13099	v4.4.172~75
CVE-2018-13100	v4.4.172~79
CVE-2018-13097	v4.4.172~78
CVE-2018-13405	v3.16.58~27
CVE-2018-13406	v3.16.58~17
CVE-2018-14610	v3.16.83~198
CVE-2018-14609	v3.16.58~16
CVE-2018-14611	v3.16.83~199
CVE-2018-14612	v3.16.83~200
CVE-2018-14613	v3.16.83~201
CVE-2018-14615	v4.14.86~96
CVE-2018-14614	v4.4.172~72
CVE-2018-14616	v4.4.172~73
CVE-2018-14617	v3.16.58~15
CVE-2018-14619	v4.14.8~177
CVE-2018-14625	v4.9.145~15
CVE-2018-14633	v3.16.59~3
CVE-2018-14656	v4.18.6~2
CVE-2018-14634	v3.16.59~2
CVE-2018-15471	v4.9.133~31
CVE-2018-14734	v3.16.58~25
CVE-2018-15572	v3.16.58~21
CVE-2018-15594	v4.4.148~30
CVE-2018-16597	v4.4.185~38
CVE-2018-16276	v3.16.58~24
CVE-2018-16658	v3.16.58~19
CVE-2018-16862	v3.16.62~6
CVE-2018-16880	v4.19.20~58
CVE-2018-16882	v4.14.91~13
CVE-2018-16871	v4.9.138~14
CVE-2018-18021	v3.16.62~48
CVE-2018-17972	v3.16.62~31
CVE-2018-18281	v3.16.62~5
CVE-2018-18397	v4.14.87~35
CVE-2018-18386	v3.2.100~78
CVE-2018-18559	v4.4.106~7
CVE-2018-18445	v4.14.75~54
CVE-2018-18690	v3.16.62~4
CVE-2018-18710	v3.16.62~3
CVE-2018-18955	v4.18.19~4
CVE-2018-19406	v4.19.7~74
CVE-2018-19407	v4.9.143~31
CVE-2018-19854	v4.14.82~23
CVE-2018-19824	v3.16.63~52
CVE-2018-19985	v3.16.64~13
CVE-2018-20511	v3.16.64~12
CVE-2018-20510	v3.16.57~164
CVE-2018-20169	v3.16.63~41
CVE-2018-20784	v4.14.93~10
CVE-2018-20836	v3.16.72~2
CVE-2018-20855	v4.18.7~106
CVE-2018-20856	v4.4.189~9
CVE-2018-20961	v4.4.190~45
CVE-2018-20976	v3.16.74~29
CVE-2018-21008	v3.16.74~28
CVE-2018-25020	v4.14.265~33
CVE-2018-3620	v4.9.120~8
CVE-2018-25015	v3.2.100~41
CVE-2018-3646	v4.9.120~8
CVE-2018-3693	v3.16.62~238
CVE-2018-5332	v3.2.99~14
CVE-2018-5333	v3.2.99~13
CVE-2018-5344	v3.18.94~34
CVE-2018-5703	v4.14.86~127
CVE-2018-5391	v4.4.174~14
CVE-2018-5814	v3.16.58~55
CVE-2018-5750	v3.2.100~3
CVE-2018-5848	v3.16.62~8
CVE-2018-5873	v4.1.50~205
CVE-2018-6412	v3.2.102~143
CVE-2018-6927	v3.2.100~44
CVE-2018-7191	v3.16.52~87
CVE-2018-7480	v4.1.51~8
CVE-2018-7492	v3.2.100~2
CVE-2018-7566	v3.2.102~142
CVE-2018-7740	v4.14.31~58
CVE-2018-7755	v3.16.59~5
CVE-2018-7757	v3.2.102~136
CVE-2018-7995	v3.2.102~135
CVE-2018-8043	v4.4.233~147
CVE-2018-8087	v4.14.37~123
CVE-2018-8781	v3.16.57~380
CVE-2018-8897	v3.2.102~132
CVE-2018-8822	v3.2.102~134
CVE-2018-9363	v3.16.58~44
CVE-2018-9415	v4.1.52~29
CVE-2018-9385	v4.1.52~28
CVE-2018-9517	v3.2.96~26
CVE-2018-9465	v4.9.144~79
CVE-2018-9422	v3.16.58~53
CVE-2018-9516	v3.16.59~4
CVE-2018-9518	v3.16.57~160
CVE-2018-9568	v3.16.58~61
CVE-2019-0136	v3.16.74~26
CVE-2019-0145	v4.9.244~59
CVE-2019-0147	v4.9.244~59
CVE-2019-0154	v4.4.201~4
CVE-2019-0148	v4.4.244~49
CVE-2019-0155	v4.4.201~13
CVE-2019-10124	v4.9.165~42
CVE-2019-10125	v4.19.38~29
CVE-2019-10126	v3.16.70~3
CVE-2019-10142	v3.16.69~9
CVE-2019-10638	v3.16.72~4
CVE-2019-11091	v4.14.119~6
CVE-2019-11085	v4.14.96~4
CVE-2019-11190	v3.16.66~4
CVE-2019-11477	v3.16.69~5
CVE-2019-11478	v3.16.69~4
CVE-2019-11683	v5.0.13~15
CVE-2019-11810	v3.16.69~8
CVE-2019-11811	v4.19.31~47
CVE-2019-11815	v4.4.179~93
CVE-2019-11833	v3.16.69~7
CVE-2019-11884	v3.16.69~6
CVE-2019-12382	v4.14.135~68
CVE-2019-12615	v4.14.130~28
CVE-2019-12614	v4.4.206~19
CVE-2019-12817	v4.19.56~2
CVE-2019-12819	v3.16.66~32
CVE-2019-12984	v4.19.54~54
CVE-2019-12881	v3.16.60~67
CVE-2019-13233	v4.19.50~26
CVE-2019-12818	v3.16.66~25
CVE-2019-13272	v3.16.70^0
CVE-2019-13648	v3.16.72~22
CVE-2019-13631	v3.16.72~23
CVE-2019-14283	v3.16.72~18
CVE-2019-14284	v3.16.72~21
CVE-2019-14615	v4.4.210~2
CVE-2019-14763	v4.14.36~124
CVE-2019-14814	v3.16.74~23
CVE-2019-14815	v4.14.146~48
CVE-2019-14816	v3.16.74~23
CVE-2019-14821	v3.16.74~4
CVE-2019-14895	v3.16.81~3
CVE-2019-14835	v3.16.74~22
CVE-2019-14896	v3.16.83~247
CVE-2019-14897	v3.16.83~247
CVE-2019-15030	v4.14.144~16
CVE-2019-14901	v3.16.83~243
CVE-2019-15031	v4.19.73~3
CVE-2019-15090	v4.14.128~27
CVE-2019-15099	v4.14.152~37
CVE-2019-15098	v3.16.77~11
CVE-2019-15117	v3.16.74~21
CVE-2019-15118	v3.16.74~20
CVE-2019-15213	v4.19.61~257
CVE-2019-15212	v3.16.74~18
CVE-2019-15211	v3.16.74~19
CVE-2019-15214	v3.16.72~65
CVE-2019-15215	v3.16.74~17
CVE-2019-15216	v3.16.72~52
CVE-2019-15217	v3.16.77~10
CVE-2019-15218	v3.16.74~14
CVE-2019-15219	v3.16.74~13
CVE-2019-15220	v3.16.74~12
CVE-2019-15222	v5.2.8~53
CVE-2019-15221	v3.16.74~11
CVE-2019-15223	v4.19.49~44
CVE-2019-15291	v3.16.79~25
CVE-2019-15504	v4.19.74~4
CVE-2019-15538	v4.9.191~43
CVE-2019-15505	v3.16.77~9
CVE-2019-15794	v5.11.17~43
CVE-2019-15666	v3.16.72~156
CVE-2019-15807	v3.16.74~8
CVE-2019-15916	v3.16.70~35
CVE-2019-15918	v4.14.166~59
CVE-2019-15917	v3.16.74~6
CVE-2019-15919	v4.19.37~71
CVE-2019-15920	v4.19.37~70
CVE-2019-15923	v5.0.9~2
CVE-2019-15925	v4.14.135~205
CVE-2019-15921	v4.14.110~103
CVE-2019-15924	v4.9.172~19
CVE-2019-15922	v5.0.9~3
CVE-2019-15926	v3.16.74~5
CVE-2019-16230	v4.19.92~171
CVE-2019-16229	v4.19.92~171
CVE-2019-15927	v3.16.66~198
CVE-2019-16231	v4.9.201~41
CVE-2019-16232	v4.4.262~45
CVE-2019-16233	v4.4.215~98
CVE-2019-16234	v4.4.215^0
CVE-2019-16714	v4.19.72~50
CVE-2019-16994	v4.9.163~76
CVE-2019-16746	v3.16.79~23
CVE-2019-16995	v3.18.137~56
CVE-2019-17053	v3.16.77~7
CVE-2019-17052	v3.16.77~8
CVE-2019-17054	v3.16.77~6
CVE-2019-17055	v3.16.77~5
CVE-2019-17056	v3.16.77~4
CVE-2019-17075	v4.4.198~2
CVE-2019-17133	v3.16.77~3
CVE-2019-17351	v3.16.72~15
CVE-2019-18198	v5.2.19~310
CVE-2019-17666	v3.16.77~2
CVE-2019-18660	v4.4.204~3
CVE-2019-18786	v4.14.161~79
CVE-2019-18675	v3.16.60~55
CVE-2019-18680	v4.4.195~93
CVE-2019-18683	v4.4.204~23
CVE-2019-18805	v4.4.180~190
CVE-2019-18807	v5.3.5~14
CVE-2019-18808	v4.9.233~207
CVE-2019-18810	v5.3.8~174
CVE-2019-18809	v4.9.209~49
CVE-2019-18811	v5.3.15~113
CVE-2019-18813	v4.19.84~79
CVE-2019-18814	v4.19.125~39
CVE-2019-19036	v4.19.129~254
CVE-2019-19037	v4.9.208~66
CVE-2019-19039	v4.19.156~52
CVE-2019-18806	v3.16.80^0
CVE-2019-19043	v5.4.14~68
CVE-2019-19046	v4.19.99~620
CVE-2019-19047	v5.3.11~125
CVE-2019-19045	v4.14.154~85
CVE-2019-19050	v5.3.16~25
CVE-2019-19048	v4.19.82~56
CVE-2019-19044	v5.3.11~108
CVE-2019-19049	v4.4.200~66
CVE-2019-19051	v3.16.79~21
CVE-2019-19053	v5.4.12~13
CVE-2019-19054	v4.4.233~146
CVE-2019-19052	v3.16.79~20
CVE-2019-19056	v3.16.79~19
CVE-2019-19059	v4.19.97~73
CVE-2019-19058	v4.14.166~56
CVE-2019-19057	v3.16.79~18
CVE-2019-19061	v4.4.262~5
CVE-2019-19060	v4.4.262~6
CVE-2019-19063	v4.4.208~129
CVE-2019-19065	v4.14.152~67
CVE-2019-19062	v3.16.79~16
CVE-2019-19064	v5.4.13~34
CVE-2019-19067	v4.19.137~50
CVE-2019-19066	v3.16.79~15
CVE-2019-19069	v5.3.9~132
CVE-2019-19072	v4.19.137~49
CVE-2019-19068	v4.4.210~6
CVE-2019-19071	v4.14.158^0
CVE-2019-19073	v4.4.233~145
CVE-2019-19070	v5.4.7~362
CVE-2019-19075	v4.14.151~114
CVE-2019-19076	v5.3.6~16
CVE-2019-19077	v4.19.97~72
CVE-2019-19078	v4.14.165~10
CVE-2019-19074	v4.4.233~144
CVE-2019-19080	v4.19.77~189
CVE-2019-19079	v4.19.89~4
CVE-2019-19082	v4.19.137~46
CVE-2019-19081	v4.19.77~204
CVE-2019-19227	v3.16.79~14
CVE-2019-19252	v4.19.89~16
CVE-2019-19318	v5.3.6~14
CVE-2019-19241	v5.3.14^0
CVE-2019-19319	v3.16.85~14
CVE-2019-19377	v4.19.156~52
CVE-2019-19332	v3.16.79~12
CVE-2019-19338	v4.4.207~99
CVE-2019-19447	v3.16.82~43
CVE-2019-19448	v4.4.233~28
CVE-2019-19462	v4.9.227~28
CVE-2019-19523	v3.16.79~10
CVE-2019-19524	v3.16.79~9
CVE-2019-19525	v4.4.197~71
CVE-2019-19526	v4.14.152~11
CVE-2019-19527	v3.16.79~8
CVE-2019-19529	v4.14.154~119
CVE-2019-19528	v3.16.79~5
CVE-2019-19530	v3.16.78~46
CVE-2019-19531	v3.16.78~60
CVE-2019-19534	v3.16.79~2
CVE-2019-19533	v3.16.79~3
CVE-2019-19535	v4.4.190~55
CVE-2019-19543	v4.14.123~167
CVE-2019-19537	v3.16.78~50
CVE-2019-19536	v3.16.78~64
CVE-2019-19767	v3.16.81~8
CVE-2019-19768	v3.16.83~37
CVE-2019-19769	v5.4.27^0
CVE-2019-19770	v4.14.205~40
CVE-2019-19813	v4.4.247~23
CVE-2019-19807	v3.16.80~29
CVE-2019-19816	v4.4.247~23
CVE-2019-19927	v4.19.97~53
CVE-2019-19922	v4.14.154~95
CVE-2019-19947	v3.16.81~6
CVE-2019-1999	v4.14.124~3
CVE-2019-19965	v3.16.81~2
CVE-2019-19966	v3.16.81~5
CVE-2019-20054	v3.16.72~102
CVE-2019-20095	v4.9.180~37
CVE-2019-2025	v4.14.86~5
CVE-2019-2024	v3.16.66~18
CVE-2019-20096	v3.16.72~99
CVE-2019-20422	v5.3.4~322
CVE-2019-20636	v3.16.83~35
CVE-2019-20810	v4.4.228~18
CVE-2019-20806	v4.9.212~165
CVE-2019-20811	v3.16.72~129
CVE-2019-20812	v3.16.83~171
CVE-2019-20934	v3.16.78~75
CVE-2019-2101	v3.16.70~6
CVE-2019-2182	v4.9.211~89
CVE-2019-2213	v4.14.136~18
CVE-2019-2214	v5.2.5~33
CVE-2019-2215	v3.16.79~26
CVE-2019-3016	v4.14.192~41
CVE-2019-3459	v3.16.66~17
CVE-2019-3460	v3.16.66~16
CVE-2019-3701	v3.16.64~11
CVE-2019-3819	v4.19.21~30
CVE-2019-3874	v4.19.137~44
CVE-2019-3846	v3.16.70~5
CVE-2019-3882	v3.16.66~15
CVE-2019-3887	v4.19.35~3
CVE-2019-3900	v3.16.72~26
CVE-2019-5108	v3.16.83~241
CVE-2019-6133	v3.16.67~4
CVE-2019-3901	v3.16.66~13
CVE-2019-7221	v3.16.64~3
CVE-2019-6974	v3.16.64~4
CVE-2019-7308	v4.14.113~9
CVE-2019-8912	v4.14.103~16
CVE-2019-7222	v3.16.64~2
CVE-2019-8956	v4.19.21~44
CVE-2019-8980	v4.9.163~64
CVE-2019-9003	v4.19.18~6
CVE-2019-9162	v4.19.25~5
CVE-2019-9245	v4.14.181~71
CVE-2019-9445	v4.4.233~138
CVE-2019-9213	v3.16.66~23
CVE-2019-9454	v3.2.100~34
CVE-2019-9453	v4.14.181~70
CVE-2019-9457	v3.16.59~2
CVE-2019-9455	v4.4.177~83
CVE-2019-9456	v3.2.102~34
CVE-2019-9466	v3.16.66~6
CVE-2019-9458	v3.16.61~45
CVE-2019-9503	v3.16.66~6
CVE-2019-9500	v4.9.181~37
CVE-2019-9857	v4.19.36~108
CVE-2019-9506	v3.16.74~78
CVE-2020-0009	v3.16.83~34
CVE-2020-0041	v5.3.17~178
CVE-2020-0030	v4.4.196~14
CVE-2020-0067	v4.14.181~69
CVE-2020-0110	v5.4.23~62
CVE-2020-0066	v3.16.35~1171
CVE-2020-0255	v3.16.85~48
CVE-2020-0305	v3.16.83~91
CVE-2020-0423	v4.14.203~185
CVE-2020-0404	v3.16.84~36
CVE-2020-0427	v4.4.244~50
CVE-2020-0429	v4.4.219~19
CVE-2020-0430	v4.14.164~24
CVE-2020-0435	v4.14.86~96
CVE-2020-0432	v4.4.213~48
CVE-2020-0431	v3.16.83~137
CVE-2020-0433	v4.4.224~24
CVE-2020-0444	v4.4.216~54
CVE-2020-0465	v4.4.236~62
CVE-2020-0466	v4.4.234~6
CVE-2020-10135	v4.4.240~14
CVE-2020-10711	v4.4.224~18
CVE-2020-10690	v3.16.83~14
CVE-2020-10720	v3.16.75~49
CVE-2020-10751	v3.16.85~48
CVE-2020-10732	v3.16.85~2
CVE-2020-10757	v4.9.227~31
CVE-2020-10766	v4.4.228~92
CVE-2020-10767	v4.4.228~79
CVE-2020-10768	v4.4.228~78
CVE-2020-10769	v3.16.66~176
CVE-2020-10773	v3.16.80~27
CVE-2020-10781	v4.14.189~19
CVE-2020-10942	v3.16.83~24
CVE-2020-11494	v3.16.83~4
CVE-2020-11608	v3.16.83~22
CVE-2020-11565	v3.16.83~23
CVE-2020-11609	v3.16.83~21
CVE-2020-11884	v4.19.119~2
CVE-2020-11668	v3.16.83~20
CVE-2020-12351	v4.9.240~16
CVE-2020-12464	v3.16.85~45
CVE-2020-12465	v4.19.111~26
CVE-2020-12652	v3.16.85~43
CVE-2020-12352	v4.4.239^0
CVE-2020-12653	v3.16.85~42
CVE-2020-12654	v3.16.85~41
CVE-2020-12656	v5.4.56~85
CVE-2020-12655	v4.9.229~3
CVE-2020-12657	v4.14.177~174
CVE-2020-12659	v4.19.118~46
CVE-2020-12768	v4.19.125~78
CVE-2020-12769	v3.16.84~99
CVE-2020-12770	v3.16.85~18
CVE-2020-12771	v4.4.229~78
CVE-2020-12912	v5.9.9~39
CVE-2020-12826	v3.16.85~17
CVE-2020-13143	v3.16.85~16
CVE-2020-13974	v4.4.227~11
CVE-2020-14314	v4.4.234~10
CVE-2020-14331	v4.4.233~111
CVE-2020-14351	v4.4.244~6
CVE-2020-14356	v4.9.231~50
CVE-2020-14386	v4.9.239~39
CVE-2020-14385	v4.19.144~54
CVE-2020-14381	v3.16.83~3
CVE-2020-14390	v4.4.237~28
CVE-2020-15393	v4.4.230~15
CVE-2020-14416	v3.16.83~48
CVE-2020-15852	v5.7.10~24
CVE-2020-15436	v4.4.229~77
CVE-2020-15437	v4.4.232~24
CVE-2020-15780	v5.4.50~37
CVE-2020-16119	v4.4.284~15
CVE-2020-16166	v4.4.233~122
CVE-2020-24394	v4.14.188~10
CVE-2020-24586	v4.4.271~59
CVE-2020-24587	v4.4.271~59
CVE-2020-24490	v4.4.240~15
CVE-2020-24588	v4.4.271~57
CVE-2020-25211	v4.4.239~25
CVE-2020-25212	v4.4.233~7
CVE-2020-25221	v5.8.7~15
CVE-2020-25284	v4.4.237~29
CVE-2020-25639	v5.4.102~233
CVE-2020-25285	v4.4.236~16
CVE-2020-25643	v4.4.238~80
CVE-2020-25656	v4.4.242~45
CVE-2020-25645	v4.4.244~47
CVE-2020-25668	v4.4.242~33
CVE-2020-25669	v4.4.245~4
CVE-2020-25670	v4.4.267~37
CVE-2020-25671	v4.4.267~36
CVE-2020-25672	v4.4.267~35
CVE-2020-25673	v4.4.267~34
CVE-2020-25704	v4.9.244~19
CVE-2020-25705	v4.4.241~98
CVE-2020-26088	v4.4.233~44
CVE-2020-26139	v4.4.271~52
CVE-2020-26141	v5.4.124~150
CVE-2020-26145	v5.4.124~153
CVE-2020-26147	v4.4.271~60
CVE-2020-26558	v4.4.270~2
CVE-2020-27066	v4.4.218~29
CVE-2020-27068	v4.4.216~65
CVE-2020-27152	v5.8.17~113
CVE-2020-27067	v3.2.97~61
CVE-2020-27171	v5.10.25~11
CVE-2020-27194	v5.8.15~120
CVE-2020-27170	v5.10.25~12
CVE-2020-2732	v3.16.83~32
CVE-2020-27673	v4.4.244~17
CVE-2020-27675	v4.4.244~18
CVE-2020-27777	v4.14.204~34
CVE-2020-27820	v5.4.162~16
CVE-2020-27786	v4.4.224~16
CVE-2020-27825	v4.4.254~4
CVE-2020-27830	v4.14.212~12
CVE-2020-28374	v4.4.252~14
CVE-2020-28588	v5.4.83~15
CVE-2020-28915	v4.4.239~21
CVE-2020-28941	v4.14.209~20
CVE-2020-28974	v4.4.242~11
CVE-2020-29368	v4.9.228~32
CVE-2020-29370	v4.4.217~3
CVE-2020-29369	v5.4.54~18
CVE-2020-29372	v5.6.7^0
CVE-2020-29371	v4.4.234~25
CVE-2020-29374	v4.4.289~9
CVE-2020-29569	v4.4.254~3
CVE-2020-29568	v4.4.249~7
CVE-2020-29660	v4.4.248~16
CVE-2020-29661	v4.4.248~19
CVE-2020-35499	v5.10.4~381
CVE-2020-35508	v4.4.242~10
CVE-2020-35513	v4.14.35~2
CVE-2020-35519	v4.4.248~34
CVE-2020-36311	v4.19.197~11
CVE-2020-36158	v4.4.250~2
CVE-2020-36312	v4.4.238~85
CVE-2020-36387	v5.7.16~2
CVE-2020-36386	v4.4.233~114
CVE-2020-3702	v4.4.284~128
CVE-2020-8428	v4.4.212~9
CVE-2020-8647	v3.16.83~31
CVE-2020-8648	v3.16.83~28
CVE-2020-8649	v3.16.83~31
CVE-2020-9391	v5.4.23~69
CVE-2020-8694	v4.4.242^0
CVE-2020-8835	v5.5.14~25
CVE-2021-0129	v4.4.270~2
CVE-2020-8992	v5.4.21~51
CVE-2020-9383	v3.16.83~25
CVE-2021-0342	v4.19.129~262
CVE-2021-0448	v4.4.239~25
CVE-2021-0447	v3.2.99~59
CVE-2021-0707	v5.4.89~10
CVE-2021-0512	v4.4.258^0
CVE-2021-0605	v4.4.237^0
CVE-2021-0920	v4.4.278~26
CVE-2021-0935	v4.14.32~37
CVE-2021-0941	v4.9.265~19
CVE-2021-0937	v4.4.267~4
CVE-2021-1048	v4.4.236~47
CVE-2021-20268	v5.10.10~40
CVE-2021-20261	v4.4.262~67
CVE-2021-20317	v4.9.298~6
CVE-2021-20265	v3.2.78~61
CVE-2021-20292	v4.9.298~11
CVE-2021-20320	v4.4.284^0
CVE-2021-20321	v4.4.290~12
CVE-2021-21781	v4.4.278~16
CVE-2021-20322	v4.19.215~22
CVE-2021-22555	v4.4.267~4
CVE-2021-22543	v4.9.298~2
CVE-2021-22600	v5.10.88~45
CVE-2021-23133	v4.14.231^0
CVE-2021-26708	v5.10.13~2
CVE-2021-26401	v4.9.306~27
CVE-2021-23134	v5.12.4~674
CVE-2021-26930	v4.4.258~4
CVE-2021-26931	v4.4.258~7
CVE-2021-26932	v4.4.258~12
CVE-2021-27363	v4.4.260~10
CVE-2021-27364	v4.4.260~10
CVE-2021-28039	v5.10.21~18
CVE-2021-28038	v4.4.260~6
CVE-2021-28375	v5.4.106~43
CVE-2021-27365	v4.4.260~8
CVE-2021-28660	v4.4.262~32
CVE-2021-28691	v5.10.43~3
CVE-2021-28688	v4.4.264~2
CVE-2021-28711	v4.4.296~5
CVE-2021-28712	v4.4.296~4
CVE-2021-28715	v4.4.296~2
CVE-2021-28951	v5.10.26~101
CVE-2021-28952	v5.10.26~124
CVE-2021-28714	v4.9.294~3
CVE-2021-28964	v4.4.263~11
CVE-2021-28971	v4.9.263~9
CVE-2021-28972	v4.4.263~6
CVE-2021-28713	v4.4.296~3
CVE-2021-29154	v4.4.266~15
CVE-2021-29155	v5.10.32~14
CVE-2021-29264	v4.9.298~9
CVE-2021-29265	v4.4.262~34
CVE-2021-29266	v5.10.26~131
CVE-2021-29649	v5.10.27~58
CVE-2021-29647	v4.9.264~4
CVE-2021-29646	v5.10.27~100
CVE-2021-29648	v5.11.11~144
CVE-2021-29650	v4.4.271~64
CVE-2021-29657	v5.10.28~46
CVE-2021-30002	v4.4.260~2
CVE-2021-31440	v5.10.37~24
CVE-2021-3178	v4.4.253~11
CVE-2021-31829	v5.4.117~15
CVE-2021-32606	v5.12.9~277
CVE-2021-31916	v4.4.269~16
CVE-2021-32399	v4.4.271~6
CVE-2021-33034	v4.4.269~134
CVE-2021-33033	v4.9.298~8
CVE-2021-33098	v4.14.235~10
CVE-2021-33200	v5.12.7^0
CVE-2021-3348	v4.14.218^0
CVE-2021-33624	v4.19.204~10
CVE-2021-3347	v4.4.259^0
CVE-2021-3411	v5.9.15~3
CVE-2021-33909	v4.4.276~2
CVE-2021-3428	v4.4.262^0
CVE-2021-3444	v4.19.206~31
CVE-2021-34693	v4.4.274~26
CVE-2021-3489	v5.10.37~8
CVE-2021-3490	v5.10.37~9
CVE-2021-34866	v5.10.62~104
CVE-2021-3483	v4.4.265~8
CVE-2021-3491	v5.10.37~526
CVE-2021-35039	v4.19.196~27
CVE-2021-3501	v5.10.32~12
CVE-2021-3543	v5.10.36~297
CVE-2021-3506	v4.19.191~342
CVE-2021-34981	v4.4.271~36
CVE-2021-3564	v4.4.272~16
CVE-2021-3573	v4.4.272~15
CVE-2021-3587	v4.4.272~6
CVE-2021-3609	v4.4.276~66
CVE-2021-3612	v4.4.259~30
CVE-2021-3635	v4.19.98~41
CVE-2021-3653	v4.4.282~18
CVE-2021-3640	v4.4.293~119
CVE-2021-3656	v4.14.245~34
CVE-2021-3659	v4.4.267~14
CVE-2021-3679	v4.4.277~7
CVE-2021-3715	v4.4.218~57
CVE-2021-37159	v4.4.292~12
CVE-2021-3739	v5.4.144~6
CVE-2021-3736	v5.14.6~319
CVE-2021-3732	v4.4.281~2
CVE-2021-3743	v4.19.196~69
CVE-2021-3744	v4.14.249~6
CVE-2021-3752	v4.4.293~118
CVE-2021-3753	v4.4.283~4
CVE-2021-37576	v4.4.277~15
CVE-2021-3760	v4.4.290~11
CVE-2021-3764	v4.14.249~6
CVE-2021-3772	v4.4.291~3
CVE-2021-38166	v5.10.60~67
CVE-2021-38160	v4.4.276~16
CVE-2021-38200	v5.12.13~33
CVE-2021-38203	v5.13.4~322
CVE-2021-38201	v5.12.19~108
CVE-2021-38199	v4.9.299~8
CVE-2021-38204	v4.4.277~12
CVE-2021-38205	v4.4.281~3
CVE-2021-38207	v5.10.46~15
CVE-2021-38206	v5.10.46~21
CVE-2021-38208	v4.4.272~6
CVE-2021-38209	v5.10.35~28
CVE-2021-38300	v4.14.251~25
CVE-2021-3894	v4.14.252~15
CVE-2021-3896	v4.4.290~10
CVE-2021-39634	v4.4.239~29
CVE-2021-39633	v4.9.282~10
CVE-2021-39636	v4.14.37~81
CVE-2021-39656	v4.9.262~16
CVE-2021-39657	v4.4.254~20
CVE-2021-39685	v4.4.295~11
CVE-2021-39686	v4.4.292^0
CVE-2021-39648	v4.9.251~9
CVE-2021-4001	v5.10.82^0
CVE-2021-39698	v4.4.295~21
CVE-2021-39713	v4.19.221~61
CVE-2021-39711	v4.14.259~38
CVE-2021-4028	v5.10.71~72
CVE-2021-40490	v4.4.283^0
CVE-2021-4093	v5.14.15~60
CVE-2021-41073	v5.10.68~124
CVE-2021-4083	v4.4.294~9
CVE-2021-4090	v5.15.5~160
CVE-2021-4135	v4.19.222~31
CVE-2021-4148	v5.10.78~7
CVE-2021-4149	v4.9.307~2
CVE-2021-4154	v5.4.134~144
CVE-2021-4155	v4.4.299~9
CVE-2021-41864	v4.9.287~19
CVE-2021-4197	v4.14.276~29
CVE-2021-4157	v4.4.269~32
CVE-2021-4203	v4.4.287^0
CVE-2021-42008	v4.4.282~10
CVE-2021-4202	v4.4.293~24
CVE-2021-42252	v4.14.247~113
CVE-2021-42327	v5.10.77~46
CVE-2021-43389	v4.4.290~10
CVE-2021-42739	v4.9.299~9
CVE-2021-43057	v5.14.8~3
CVE-2021-43267	v5.10.77~63
CVE-2021-43975	v4.19.220~45
CVE-2021-44879	v5.15.17~834
CVE-2021-43976	v4.4.300~53
CVE-2021-45100	v5.15.12~29
CVE-2021-45402	v5.10.88~92
CVE-2021-45469	v4.14.260~9
CVE-2021-45095	v4.4.299~7
CVE-2021-45480	v5.15.11~94
CVE-2021-45485	v4.4.276~87
CVE-2021-45486	v4.4.274~16
CVE-2021-45868	v4.4.293~124
CVE-2021-46283	v5.10.64~14
CVE-2022-0322	v4.14.252~15
CVE-2022-0168	v5.10.110~530
CVE-2022-0185	v5.4.173~13
CVE-2022-0264	v5.15.11~165
CVE-2022-0286	v5.10.54~152
CVE-2022-0382	v5.15.14~28
CVE-2022-0433	v5.16.3~673
CVE-2022-0487	v4.9.301~3
CVE-2022-0492	v4.9.300^0
CVE-2022-0494	v5.4.193~14
CVE-2022-0435	v4.9.301~2
CVE-2022-0516	v5.10.100~4
CVE-2022-0742	v5.15.27~217
CVE-2022-0617	v4.4.302~22
CVE-2022-0847	v5.10.102~21
CVE-2022-0644	v4.9.288~14
CVE-2022-0854	v5.15.29~26
CVE-2022-0812	v5.4.53~103
CVE-2022-0995	v5.10.106~2
CVE-2022-0850	v4.4.276~179
CVE-2022-1011	v4.14.276~277
CVE-2022-1015	v5.15.32~17
CVE-2022-1048	v4.14.279~7
CVE-2022-1016	v4.9.309~8
CVE-2022-1043	v5.10.61~3
CVE-2022-1055	v5.4.177~5
CVE-2022-1195	v4.4.297~3
CVE-2022-1204	v4.14.277~7
CVE-2022-1198	v4.9.311~194
CVE-2022-1199	v4.9.307~16
CVE-2022-1263	v5.15.34~19
CVE-2022-1205	v4.14.277~4
CVE-2022-1353	v4.9.311~214
CVE-2022-1516	v4.9.311~98
CVE-2022-1651	v5.15.33~270
CVE-2022-1419	v4.14.278~27
CVE-2022-1671	v5.15.33~74
CVE-2022-20008	v4.19.231~40
CVE-2022-1734	v4.9.313~14
CVE-2022-22942	v4.14.264~2
CVE-2022-23036	v4.9.306~9
CVE-2022-23037	v4.9.306~7
CVE-2022-23038	v4.9.306~9
CVE-2022-23039	v4.9.306~5
CVE-2022-23041	v4.14.271~4
CVE-2022-23040	v4.9.306~10
CVE-2022-23042	v4.9.306~2
CVE-2022-24448	v4.9.300~31
CVE-2022-24959	v4.19.228~45
CVE-2022-24958	v4.9.305~26
CVE-2022-25258	v4.9.302~10
CVE-2022-25375	v4.9.302~9
CVE-2022-26490	v4.9.308^0
CVE-2022-26966	v4.9.304~26
CVE-2022-27223	v4.9.304~11
CVE-2022-27950	v5.15.25~58
CVE-2022-28356	v4.9.309~13
CVE-2022-28388	v4.14.277~40
CVE-2022-28389	v4.14.276~97
CVE-2022-28796	v5.17.1~12
CVE-2022-28390	v4.9.311~203
CVE-2022-29156	v5.10.103~35
CVE-2022-28893	v5.10.117~9
CVE-2022-29581	v4.14.278~76
CVE-2022-29582	v5.10.111~32
CVE-2022-29968	v5.17.6~70
CVE-2022-30594	v4.9.311~206
