1	199625098a18a5522b424dea9b122b254c022fc5	8b722a45b3e2cc10dee3bb96e4fae0b2267607ce
2	b399151cb48db30ad1e0e93dd40d68c6d007b637	a5d80bba16148fd5b2a57d494874c82e847197c3
3	a6d9bb1c9605cd4f44e2d8290dc4d0e88f20292d	50d2b0e7c16314f4fc1ac1756f6835f8b02fe8af
4	318465adace471387cfd5f768daa64bb4c623695	0eb58a029c4aceb245f65534114e7d2121243fbd
5	6c83f77278f17a7679001027e9231291c20f0d8a	38db26fb3ae5eaeb0badf2f84481533ba4b63cc1
6	0961503412e3e13d82f885f9fb3af527edd58e47	68ca4087a2c47400158dcf91b1556acff835d6b8
7	07d9a380680d1c0eb51ef87ff2eab5c994949e69	08b1cf4964d526cf3c2ea9e36ffd752752543ef3
8	24fc79798b8ddfd46f2dd363a8d29072c083b977	1b711ef74b98c0ce9b917d541dc5d36c09b059d6
9	bb304b71f8dbcb284f0f876dfb4eecbadf079773	c245a412c7f135fb0a74b4c38b40f5b738ff8912
10	9ffecb10283508260936b96022d4ee43a7798b4c	64124d136db6d4fe8508125c6378d8d3fe89ad0c
11	2eac13624364db5b5e1666ae0bb3a4d36bc56b6e	7af1cd4b40aaa8b90d7f564786339ff0e63e06e8
12	069de633cefc5efd91b9023c6cfeff9914b59348	fd608131a916d077e6abd3bab7b63f600bafd707
13	bdf7344e14d826d0df438a55fc51146d179e198d	e1263d46df6f5f96bc6abd039684b7778a72bab3
14	9ef8a0bee93606afb1dd111ccc1d467f261099cc	a7c25c7048899f3df8ca670968ebb19ab1bc2070
15	96c26653ce65bf84f3212f8b00d4316c1efcbf4c	16a6be25e09c31cb2825107886e5d22e61440413
16	08acbdd6fd736b90f8d725da5a0de4de2dd6de62	0ae67939e008c102cb3612358242817056604de8
17	02a4843618fb35f847cf8c31cd3893873aa0edde	65e3664fc6087d2941e940e38beb39920e9ae032
18	60cc43fc888428bb2f18f08997432d426a243338	f69cd2d30a800776f241b3ea16279628fc4dd724
19	fe659bcc9b173bcfdd958ce2aec75e47651e74e1	7408c3e7745d10a60738e5726a29893cb707b260
20	c1003538bf6b28a4bae8e511672fa5abaabe683c	9447dabf5ea263c3a34a8d7c9f4e7b56259a558f
21	7cc7a83394be1db510609d8d2f68c53b63a3ecff	c5833ac1da1d7b8a3b7fb56b51b72293efda072e
22	8aeea03195ee6e33fcb00039c414eabfc37a4eb8	645fd470312a5327fbe39d7343af390330d5003c
23	d741029a2390406d4d94279ae5b346831a9e61e6	164a941c031bc32e990abaa042367047d6d97975
24	65243386f41d38460bfd4375d231a7c0346d0401	b16a6af97461f6d296422887502331b33c729b48
25	67c672ecd3a535f00efea18baac81983a8956084	9a99ae972377250ffd11ece40c083dbc30da8d51
26	53e9d838275d9a2a5736d788f84814c64cbf94b0	1c38b9d9e74a24a8ed9089429031f6d7721b6df0
27	156ae09245c4c49c8eb4a0898411ee260966331d	e787fce41c0746e39b9edafcadb3c4d05b43d063
28	4c0330208f6bfe5285bae239fdb2a7ec1ce1f78d	f32bb2aad27e5dac434a8fa1e12b1d6c25fe49f8
29	78bae1de422a7f6f2b4b61f6a5c379e3d7f96f44	b940ac3ecb4cb1d2e6372c333760fd8a4e2b4429
30	0202ce8a90efdc81600e7bf9712d8c324081a924	93dedcf5a17779c73a7609b9306b519555b9edb8
31	bcdbeb844773333d2d1c08004f3b3e25921040e5	0a1af9ffc368e8860148a755b09a99ed01ff0a55
32	bf59fddde1c3eab89eb8dca8f3d3dc097887d2bb	6fed33c3a424c746bbbb7cf983bfa1df17adb60f
33	fb422950c6cd726fd36eb72a7cf84583440a18a2	51d0c3514660c00e93b2b33076f162e9da217865
34	ef3149eb3ddb7f9125e11c90f8330e371b55cffd	457e587fbca4e622146643811215f636275a56e0
35	f7b9e8e111e0ce04ed7d1a1cb5b01b6e57775708	9755c40858350196b28817bd459e2499b13d871a
36	ad05df399f3343b10664827a3860669a8a80782d	48decd9af36a3d922449cc35f7a262527e0a1023
37	b184c388f773f30b6c707d3d4599b2db80f4390c	7829c20e43e9f915231e8b7c97aaa1acc9133126
38	90120d15f4c397272aaf41077960a157fc4212bf	0a1454aceefae531ee3d54aa764edb6cad938159
39	68985633bccb6066bf1803e316fbc6c1f5b796d6	c627716e77d4cef0f8b689a72168e033495606ba
40	0e7f0b6c2371d41e9bd902fe863be2ec4b6d4e31	bc9dcdf2b3dfbfb9467854ca8954b79a5b06e51f
41	f3854973f196baad5be6b62d8f5ea24b0346b63f	6c5bac3d6c83fbaaeeb7ca9c4ba84ac3a7ef64f1
42	451dfbe9f153a28da149729552b26043ae94af28	ba4a679df78ffd52405af90aae3f4481c6945d6d
43	99a6993a6933acbf791d1c7bb789e0ebe5bd7127	625d1e783375202c099b67aecb9b227d5b6f568f
44	d1bd4a792d3961a04e6154118816b00167aad91a	bd84e6211e54bfeed5f8fc031f4f053d48847c3f
45	97bf6af1f928216fd6c5a66e8a57bfa95a659672	925cab7b6a683f791644dfde345f91e87017a023
46	b9d934f27c91b878c4b2e64299d6e419a4022f8d	da91140159233782ddd65c4b88a3fe2c9243d36f
47	a80afe89d81af6b64bf2d9b3afef70dcf75df12b	3f5fc65eeb037515b7368d22a90704d793a03529
48	24d1c2171f15bb6fad2ad69cfc2ee81dc4577b76	ba1bd77cdf6279fac8dd3a8ede6c6945e1d51f72
49	e0a2e73e501c77037c8756137e87b12c7c3c9793	d0e02f4b273b12e624ff4eded9a7abcb102fbffe
50	fada18c48d774b9e837928ecdce6a5d5fdd11ee7	99183227ce0624edc5a4aaf9f8f4e6b071f557d2
51	312eb712e15868236dd03c67971ab2c1d79b4ce6	3f406ecddf8a8d4b6c2de195336ae1c6b56722c1
52	074b145a05835e9f93a52323a4770b70b4b782fd	a7d82370253ca12f8c32f6992f8e27e1fbce7468
53	fd07f5e19c6fcdfa318944764248cf44eb06e532	a818d84ffe08ad7657c28166980050691ea4a857
54	28b68acc4a88dcf91fd1dcf2577371dc9bf574cc	cbb26268a26b53f3d0a92c39265ff90a43ffdaa2
55	12f4543f5d6811f864e6c4952eb27253c7466c02	4bf124b5f179a9c169c57ef7cd3a74f239063ed1
56	8a7b19d8b542b87bccc3eaaf81dcc90a5ca48aea	a782ad86522bb5338f64e3f96410f901ec109d20
57	e9462fffddad94ee4cb50f6000989133bd15fb96	b78fc783c6203125d299154492a704d3fd5853c8
58	d11a383509032baced195e5812d035c4068ee60c	eb013220ec209f33323e26ff46c8e084ff97c328
59	b42fbed6b8a5942e9f76ec8c7f9c9fd798a2d3af	6281c0883a9d56371a791304e756513a45975304
60	438477b9a089e45ea7c8fb549553e52833117ed8	6a1735ce60f04714b69ac0d4d218d93cc8870ad9
61	aa950524d501afa28869b7f56e539fd9e744dd9f	d174ec8385a7daae16572788df81e7bad190f30f
62	ebc3dd688cd988754a304147753b13e58de1b5a1	9e6ed4b8de9bc1c230fd12cb3af1d682962d35bb
63	c7743c428111912fffceb38b860024f7e33b3e3c	067bc5f5a0140ce31176f4e8ef89fcf401f902aa
64	92d21ac74a9e3c09b0b01c764e530657e4c85c49	88a490906cd64ef3564a345a082fad80f2437024
65	65c71efe1c59c111a7b9e6d9540f111663b975b2	93a443b33068176f332eabebe8da2060e983e18d
66	ac791f19a273a7fe254a7596f193af6534582a9f	f730db608b65a131ecc2a2e57a743f904f77f765
67	e20c50cdca19e1dfcba64b17e9ae8a0a7540c7a2	f1b5bdd410f8a635ba62a0be4daa2a8980a85d23
68	1c500840934a138bd6b13556c210516e9301fbee	8391d8964e605454e5da7c248128dac672d80173
69	92b004d1aa9f367c372511ca0330f58216b25703	12c3680a16b73ecd431346526b7f650237971871
70	b3bd7ef397a6031f5398c76a9a0b0695a38f6587	f3995eb51ca8cab80105fb01f128f10839298145
71	8c3f9bd851a4d3acf0a0f222d4e9e41c0cd1ea8e	b61fc97ca5d5898c4621ef7785d7df53be5b10df
72	83235822b8b4fe47ecbd6b6bcbcc902860ac00fc	aa6be396714c79c44d5fa6b4ae09c8090fef8727
73	f7652afa8eadb416b23eb57dec6f158529942041	4d09fd3505c59374e599a29918ca40059be3d554
74	bb31f607a0900552926ebf9ef3d002d96a43f7cc	d9a675287ed448bc385fd789172594e4d3f8d870
75	cc2d1de06f0572a51437d1f31633d81afea5eb47	d516a1036397acf3180b51ba40cb7e2530b1cce5
76	7af608e4f9530372aec6e940552bf76595f2e265	4a99eac8d2b3f5e45336894ac16caa87f67d2199
77	c043ec1ca5baae63726aae32abbe003192bc6eec	9e70dd43a078e3cebcc1a044950d93cd8621b7e2
78	963b307361bd415b6979910b1ef0c39bfee7f70c	b0b28dc25ad57b77f6b69b40619364188e0f1354
79	49abe5c83cd066f34f308d8c9e8abff7c2fb5d64	e431c00b52af6449c5e84451437b74326ba21e6d
80	342639d996f18bc0a4db2f42a84230c0a966dc94	7851cea48abca82c188ba76f4fbefce3fc0de340
81	f286d487e9283a42a8844659bb5552b3f1bf6a7d	28c391a1bf808ecabb9a60860825fa0467c54d61
82	181a4a2d5a0a7b43cab08a70710d727e7764ccdd	dbcecbbd1d078f0c45dfce5afe4a08e617129a14
83	c1b586402c159427fd5d4f553d1d4ef75bab84c7	b311adfd117f1e0d3d5403fad9b634ff37786768
84	cbdceb9b3e1928554fffd0d889adf2d0d8edee4d	c4bfed85bae8eba6cce22f9b9cce530720527411
85	e30609454b39139a91faf631685f503b7ea3f27d	6ab3f7e0dca0e125c158cdfc71fb8bc02fcbdb63
86	a24e6348e5a0e8562ad64d760c25907ed088611c	c2ddb5852a591e11abac56114485c04411e8386b
87	d71f11c076c420c4e2fceb4faefa144e055e0935	031e96b6ffde712a300b7697bc8375351eb8bccf
88	6de6250c759781daeadca784d0cc34ae73f3b502	11043ae6a9e56a2c362ae4289f1ca77e3ff4be4f
89	cbebc6ef4fc830f4040d4140bf53484812d5d5d9	13006b429b43e4620c72e0d152a808a2613f7d69
90	9020a7efe537856eb3e826ebebdf38a5d07a7857	77e7f91231bf63e3c64eb59a2aaf5754eaea2e69
91	b769949981fb2f3201d42ecf66b4116861a8e998	65e38566ae2600cebb885af0b58dc8732e25ee52
92	f87d8ad9233f115db92c6c087d58403b0009ed36	8c871bdbd02f71e31961dce3a70e77d450765f16
93	1dcd9429212b98bea87fc6ec92fb50bf5953eb47	fe0bde850b042ef2719d32c790a0eb872d969a9a
94	c78e7818f16f687389174c4569243abbec8dc68f	75af3d78168e654a5cd8bbc4c774f97be836165f
95	2aa650d1950fce94f696ebd7db30b8830c2c946f	bae102ee0220833f123c6973aa66c4c7a92ee5ca
96	41591b38f5f8f78344954b68582b5f00e56ffe61	739f44a8a3f28901fee088cf59c4054e20cecda9
97	fc0d8fda5080825760b8f2deeec655b3a588327e	79e43709edf30fb027d8499c88dd06066d665a46
98	d6011f6fc21b4d4ab1586f01c4f62becaa0a28d7	6243715124099a2bac7b57441fded861b242f03b
99	4696b8874d7de39850931888bc9f2aa12d29fb46	39b01edc01d045b864373975349050635e9d4084
100	d7f5a9d89a55af68908a013811404971f88d661e	4ee24ae83ccbfb518be879617368f72db26dec6a
101	c36e96bd259d5ec1e73c2cbfdc3ef935e6b0f830	b88a5dd150a562edad5be296fd63f3ba70f92528
102	5f8c183a996b76bb09748073c856e4246fd4ce95	bf8436856123c35b061bd735630cbbf07d506cbb
103	3ff863b87e8aacef96d66b132b43e296bb8cd973	8069deca8771dcdfcf3e9e34a71c918b8ddc76d5
104	74bd7b69801819707713b88e9d0bc074efa2f5e7	b280f9ec91849d843b9e536f2b77807dfa3661d7
105	2866ccb2b8f8df48c73f2fcc76454cac6c7cc557	be6a161e13028cc18727f187f2396190fbcba049
106	3bdae810721b33061d2e541bd78a70f86ca42af3	824c2230ed7a87dad0ee1b0511dac7717f822517
107	1d5ceff25aa1edcaf84e7ee26fdcc746cb245af8	649594a678c2aa9bea0693a22753034c35ab42c6
108	d8a8cfc76919b6c830305266b23ba671623f37ff	1b9537d72610ff5b8ba5b053fc5891ce5649387b
109	2ad5d3272d8e20e24d8242ebac9f3007f1ea56bc	058fbb1d2ef932b4b59faa79701d2a7a702acd1b
110	d644cca50f366cd109845ae92e37c09ed79adf81	b83f73aa760899a492752f8447ec4ef230e5c01d
111	1c99cabfc95d3b08fbf06d558ebfa76b5303710c	fb0a96829d377ecdb158436d21eb8c1cf2679deb
112	945399a8c78ac225cdbaece0f94c0d8741b4e1d8	ddabe0f7922dc94249030ce3f3f7cae9ef34dbe3
113	52a312673aff9baac0d677e0aee068d65dc30467	88b3e1f4feb2b4c32f60b78a17c7e5fa3b8026f3
114	49af64e6b52208219d008cd445ca09c07a965105	a5a1c8fd6c001268438beeae54141ed7eae3352d
115	29b4817d4018df78086157ea3a55c1d9424a7cfc	8f5b7e3f415c208962b3fe4308486c4484d37b9f
116	4f145f14f6b98b5aa0dd91bdae518b3f24f74b37	907acbc702858139486210a5ab544fd7b4a72d36
117	def9331a12977770cc6132d79f8e6565871e8e38	be90e260145c0463c7a5c80ced379adc2f4850cc
118	4c3579f6cadd5eb8250a36e789e6df66f660237a	dbbb3062dd53e7950a18bc05cca296fb2803b10b
119	d17dd2db943272b6d9d1315528cde9dad74fa6ed	b92072aadd839c9379190979edac63285ae2b790
120	bbe097f092b0d13e9736bd2794d0ab24547d0e5d	de57bad7f7a9451e6ba5a20dc859f47cac888c8e
121	f13bad9042dcf9b60b48a0137951b614a2ee24b5	75d7f51f1aebcf9f2f0d6deadb75c612467a2977
122	66ae9fc237c1192414c12094443521d956199be8	52604531f71632b2cb474a0af411a3140908321c
123	e1c122d55f9ec5608ca98a9a846fd39cdf3ed7d7	21c7e5a39da0922a81f33cefad0a239bcfe897ac
124	cafb56dd741e61c99709bcd2b193a9a1d36def3b	006469cfaa9073151e618a1b703a5d529ef01d64
125	044e6e3d74a3d7103a0c8a9305dfd94d64000660	97adc534a506561e288b2abc12a043f8c9ea5945
126	94133e46a0f5ca3f138479806104ab4a8cb0455e	c76a4a07715ce5bebf437d5848a3324f1811451f
127	960f864b7b628f67bb57aeb071066fd2fe092bba	e329f6b9482903930408553a53a96ff6d54a20af
128	08debfb13b199716da6153940c31968c556b195d	0d1c8d590b7f2b1ec352ff99f9a003df97dded55
129	d4d60b4caaa5926e1b243070770968f05656107a	c47c6960b9091fc8f330edd15e6668cc54a3d5bf
130	641663a19f6002ecc5c5af517a5184d4164cc749	c151a91547ffcf83ae3d2c9209a1bed637eeff6e
131	67b8d5c7081221efa252e111cd52532ec6d4266f	72d8a061cbfbee3a357d38ef80688df9e878de43
132	a861594b1b7ffd630f335b351c4e9f938feadb8e	e348885bd406b7a2c387165a953ad15f0db79b33
133	388f7b1d6e8ca06762e2454d28d6c3c55ad0fe95	788ad9e65e6edf249446487e6893768db356f57c
134	7175cce1c3f1d8c8840d2004f78f96a3904249b5	2d7a0bb8c3a8ab75ea5af4a280d1aa33f852c18c
135	b4f428ef2844e9fa8154f2faaca249aa74e222a7	c7bc21ab5636387a1aa947ce6969c3d34af63506
136	90b99b094b4bd270542e3ade8cf74e21c228c069	6f8688bf299b35b5d585a96fa670ea257257fbd3
137	da6df1c4dcd8e7306bb3cd34c96e19e629b798c2	e813577167c4a1c3f25cd9d84c29301b82d95597
138	bd9f8f750e238f8a6160fb053ae97016f6da1098	f9f71f3a1e4f36cd4c3493003eb9a0c5c234ca52
139	ad1570d99f280f73c72510d7f79db9adf599474b	657f4204b23c061fdc572c5fd249ac4a51f0c062
140	011cda589938e56eb93685dee8ead0bb0506f9e2	9ae85fabdfc0c74c2ac32219e116546e2a5a6309
141	756e142a4b3b25aac44eaa54ded125fce0e8fcc7	84a0a2ec9f7f38a641d0063847f38307f306360a
142	74524955556096a0b2a821a49b4d0abebad3ee16	9eb0e01be831d0f37ea6278a92c32424141f55fb
143	fb0de5b8dcc68da4a0d39b0f5fcd5368085ad7c1	36b0779e9e289aeaf7efc7db977b1e4e5b95aaeb
144	cef83483341e258beed49ce78fb2cc0c46ab1757	9769c00cdd3cb924c02f9e6eea0eb2212fc07e36
145	ea3edda9ddba634b9bcb8fcdcd95fe6b0a031a47	dc7933209440a197bb7780f93778db91dc41c667
146	235c362bd0f6afcf767bc72aa0c647e1434cc631	ccb0032b68ef886cc581f7f31f86114704681a94
147	6572e5f72d01121f21734a1309dac2ecd7bbff95	58e1fb13e2bcde09f732055c9a2414cd9e222a4e
148	a024ee14cd36dba55fd77322f5d48ee0e55418ae	b5326119895704e7912ffad25bb3360aa75bb780
149	a5fb9fb023a1435f2b42bccd7f547560f3a21dc3	607fef725d78f876ccc3d0869ca9883364d43ba7
150	7cbbe1597e4497d14b4d4b22d444a168caae1ce4	f388d10de1e5d3b83118f293e93e4572991b876b
151	943210ba807ec50aafa2fa7b13bd6d36a478969b	8d3decb7d93eaa110dd88afc5a6ea0b503680987
152	f0e98c97fa8f169952ca2c1187f9270902c1800d	93b8f4a2302b68d42bd384076c846f86a8decda4
153	15eb5e3e601773bbb6f18eea4018b5cfe937a71a	12958d0ffa66d84ae899156383b01ba9dfcff595
154	2035772010db634ec8566b658fb1cd87ec47ac77	476b1ec9fb4ab2f34b6bea7b6d6011d24f094597
155	e5d15cb530082cc13a6c9457eddd6f75b0f4de65	e4a5a335105a557b5a78c1513650d1cf7c9f2edb
156	9eccca0843205f87c00404b663188b88eb248051	c5d351e19a696e184304fc3a8fa506d4234af103
157	120476123646ba3619c90db7bcbc6f8eea53c990	9ade62c27d3d9ac38b2dc1e496db377fd8298d92
158	b76401fc4ba720f0f38f7b1f9d54d5c2308bc18d	5ce38a1bcb47ae064ef81d4e23eb88fd4d0c11d4
159	f1113be1bff674b8410fcb301d6551ab5a43193e	b699efa9426d3bc72123a713cd53ffb8e97c5f85
160	6232c17438ed01f43665197db5a98a4a4f77ef47	ecc8fadef567c21934452fcfc076dd497a711599
161	de651ce3d750c19a7b8b7cef22407ecc496619f4	5020843db320829e9c4f1f5d224bb04209b2dd68
162	6ea87867e552500b242cd5be3590d6c1ff91f508	af4b41c56261592cd90c3ea196f6077c466fdd7a
163	197410ad884eb18b31d48e9d8e64cb5a9e326f2f	b900774fc479719248b5653da601851c66389118
164	0fe2795516b9e1c59b58b02bdf8658698117ec4e	b1f46a545058d7c91b7e6582aa92a73e9cffb174
165	1ec63573b2db363848abb313cc75eb29e9abc1b3	93af75d0aba032fd8407be632c8f2f8657829a10
166	b82fcabe212a11698fd4b3e604d2f81d929d22f6	c9ccd18aeaf036d6df0d762e3ba02aaa5a4a4596
167	7503efbd82c15c4070adffff1344e5169d3634b4	34680f6e90e31dae1dae9d599b3876b159e58332
168	c82705c54fe03960c620c38d428dee3676391cc7	acb9ef02c3b0e6222d5686aee4728eb2ab565857
169	68693b8ea4e284c46bff919ac62bd9ccdfdbb6ba	572aaa97f5672a4879965c04c8d553949ee1047e
170	a50c7738e8ae3276a4b224e321bbd40aee88e8fe	9f6d6fb580c0f26cd7ae75dfe75063f4ccc6ccca
171	ce397d215ccd07b8ae3f71db689aedb85d56ab40	ad020ae8a46bbc2ad6b14c83597b8f9263e3c3ca
172	6a1622000ac92244ae605e2345c348c0bf281122	a5a7f1e5ea0135c5794a80ebe228fbb8d011c01f
173	e298be2a97fda6182237fe1160db45750aeaf2f1	d44d5d39426a1edc1e5045321ccc412f2b949473
174	618fd1ed17d4cf193d85747c04a8b836b8fc107e	a7bb99f521843297a25ec6c4eeba96dd80092a90
175	7e85dc8cb35abf16455f1511f0670b57c1a84608	b763ef80c2440bc3800d13d7a033f08c1736f9fc
176	2a518f8e87a718b482a5ac7ffa9590cc7d86004f	6aa52b5111746b0bebf640163e575bd803fb06a7
177	3bf62eb77c7918884d640a2ee25ddb542ac6d0ca	4d9707586ec70f6bc78eef980c03bfe953a0eb52
178	354bc45bf329494ef6051f3229ef50b9e2a7ea2a	1017144eb5cc6ed942cb33d6c239f0991ac74b52
179	d7ccc2e2a0e5a4cdd024f4a1349a033f7cd3aa7d	812925986c9f0398f9a15228580cf4d38fdd1577
180	cd12b401adc3cdfa643172f664aa28ecebbd3b67	17743861edc71e01231b563eca750c89d0cf94db
181	f46b151ede8668cb824a836e82303e1123f5f9f6	d7f1d486a06d4cf2a95128d27bab78c4d540cb4e
182	f042e9cbae607c323e3de86fc714b7306774a151	14945e0c7ba2123a93621d7af439999972cd0dca
183	cfac6dfa42bddfa9711b20d486e521d1a41ab09f	6d922880cca272b3c4309e260d9e0348c3dad8a5
184	22076557b07c12086eeb16b8ce2b0b735f7a27e7	896b00bd9c66cc72ae6800ff6dba65a9e83ea5fd
185	ce397d215ccd07b8ae3f71db689aedb85d56ab40	4a30c12542290f1def08b9ef0d677c024c500589
186	68bc10bf992180f269816ff3d22eb30383138577	e380f318e63d851607cfc8b288281668aad11d53
187	b58262396fabd43dc869b576e3defdd23b32fe94	ce7c57f67930a297dd576217363c4a1fee5b8c6c
188	546cf3ef9c92b76ff0037c871b939e63caea98b3	89c165ce07918ef3902a942921554a10e6fc1c84
189	4248bd7d3e2c7c87ff695d812018b8c22b5a5ab1	5dd3239f6b7c6fe644406a2f8d55156c4b4c3996
190	1e7d4beba2f5c8d22c46e15d3b89559934356501	e0ec55a69450becef296d2abae2476e2db81f336
191	f934a94bb566a629b7e0be52d087a686145d1f14	125ccb6404d9221789b3f580c644ba61d7cddffe
192	5ce33b603063f36272fcfb1b4a5fde69f46eca88	135e5d48d5340a13dde43d38193fb58f661e8d47
193	ebc950fdff6d5f9250cd5a5a348af97f7d8508df	52a5924326b557c75ef0d3c1e675c749906a6aa0
194	2e47c53503eb9faff42b3cfa144a833344dd1f89	d32367d37aab96a78e249867e5885552dbe72aca
195	7c0143153cd33a0a267908ca419e2adc40ee513a	57422570fefd34e3f77afe8ac0aeb6e8f658af56
196	976aff5fc94b0a505ccd85391f0e82c3d2d031e9	0bae003f1e6424eca5969bce6e8c539b0e18bd5a
197	1c48cee83bc2631ab8533311d594aaafe81d8aa9	0954c87c16bab5579b8c111887aafb6a75a17c0b
198	14351d44830ec00b8c66b44c8c866944da678c33	07c41c408f32fceabcc4541d9d550333c427f7fc
199	399426cadf5b0539a5b2a4d805257ce8acc6aba2	c5331971f5c11c77d08ba5bf4c2c9211fb3f0534
200	71668292151efc7ca867e6b6ac0cb603f1d59e42	61718ee3175ce93d7d832a6eb89c427c2d9ac4da
201	2c1f6951a8a82e6de0d82b1158b5e493fc6c54ab	a06d3be52bce98746341cfb290203603fd028290
202	2da331465f44f9618abe8837d1a68405d550b66e	a461ae00464937f66812feae551c9e0526bce769
203	7876320f88802b22d4e2daf7eb027dd14175a0f8	ee10dcb0d52146cfe2e8d1354e9bca723ebb3ec6
204	510bb91535f3a86b3ecc38c72693f2c34af81ffd	b11e68ac5c259368fb34a8ac56354cddf3cc2603
205	767eee362fd72bb2ca44cc80419ca4b38c6d8369	42a0e17be3a9c976c085b23271fa1bc7b37439ba
206	9c076d7e948773ac45cf1ec7ca2c7d6a5bddb8fa	95ce46919f513a5226e76c4d0d2170d0ec8710c4
207	1df3e5b3feebf29a3ecfa0c0f06f79544ca573e4	671db0d11b33d04c0a52d1882819d5ba82994951
208	007d94ca8b7df4d3230bfb68b88a627da887a671	a4da2b00fdab6cb7d60c4e3d7907933a62a3a893
209	9a1c44d989bff4c992b8b9a112d9fda275ea5515	c5923c011cd546f8e2400f44bbad2b3afc72f535
210	2c2a9bbe7fecb2ad4981b6f4a56cacbfb849f848	1b754ac294552d8381596cd1953139eb79b70283
211	53e16798b0864464c5444a204e1bb93ae246c429	20996e6d81c907b10a5ab57c4172be97cb1a7de1
212	329d88da4df9a96da43018aceabd3a06e6a7e7ae	83c428427da37fc295a68ee8d08e5ca13950627c
213	075d8a75daedec14f2337c2881186aabd8fa4fda	8f4d41d1e62bdf83027c993be9c499d81b32a150
214	232c0102e84b7fce634c8902a5fa30ca2b3342ac	228dae652188ab1e5ca96a6bb1adeb6acc2c43fd
215	66e839030fd698586734e017fd55c4f2a89dba0b	9fefd2252c8efca78f578d478acedb360b9bdd2c
216	821117dc21083a99dd99174c10848d70ff43de29	1a4b6a9aa3a892f819acf68d1a61765ec4dfc10d
217	7258ae5c5a2ce2f5969e8b18b881be40ab55433d	80f9b59cfb74661077b31a9853ffb62191d989d8
218	508a1c4df085a547187eed346f1bfe5e381797f1	6c75d139608a603642cd731ce75e4222754fff0e
219	5c5fa1f464ac954982df1d96b9f9a5103d21aedd	ffbce80bcb9d378c86e0fe47be6572b2fc1c5baa
220	e36f014edff70fc02b3d3d79cead1d58f289332e	9eae8ac6ab40b896b472c526afe7847e798f4f36
221	b3ce3ce02d146841af012d08506b4071db8ffde3	510c84bdb87fa39b163317be8f3725a10c5aa186
222	8a8a66a1a18a1dbd213bee460bcedb1361abc7ff	0247466190be2280506b94ddc53ab0b086f1ba26
223	20aa99bbddae74bded68338f9ba200ccae02858b	9fea93e6f0ffb4b9f9f852e66720852a3a8cf06d
224	91ab883eb21325ad80f3473633f794c78ac87f51	5a9f69b2c11bee48b1884165e4e1473f7672dc28
225	e8237bfa21200f7c03a59503964cee47620ff3d7	bd8dfdcc2249b3bcfd33bdb547e392c4aca134f7
226	253f9f4412e0113fd83471e9a3b1aa9f85ce87c3	37a48e6d83f513c0edabe4f12a80cb9fc4b8286b
227	6dc39c50e4aeb769c8ae06edf2b1a732f3490913	302c74b132987d69752aedeb33b232076d2006df
228	da7a692fbbab07f4e9798b5b52798f6e3256dd8f	ef28f4977a83a29418c5fa309b61f3045df3b9c5
229	a776b968e52895a350d636e6e7fdcb3b10846fa4	522ac5232ad7b9cd644ebbd9d7ec476e0c148284
230	a9840c46ff9bb845d62d6f9592ab76c0e531c8f4	3e56d9852d8b7e3c5d26d3a872795af523d7a2d8
231	d6672a5a97918f92bf2f3a2591f25d02bb0897a4	71944eb54288509c7c19ac54b485ac774c8253fe
232	192cabd6a296cbc57b3d8c05c4c89d87fc102506	f374505b79104e8cbc6618c301f1cbb4058480bb
233	a81a7c9c9ea3042ab02d66ac35def74abf091c15	39bdb32876df3710825d33b5c455ec2ffa9db64e
234	691a03cfe8ca483f9c48153b869d354e4ae3abef	a0ebefb70b2a2294ce5ba70e48f29507f6ad9dac
235	104a32e85f250742bc37e14d19a5dec706bed76e	387994988d9ded00a63cb54cd3289fc06a2a4142
236	1781af563aef66c2eb7cda65d754d2228321a260	4c9701fd4324f6d0a03c4455168dc50742960a64
237	3d5fdff46c4b2b9534fa2f9fc78e90a48e0ff724	f61c0cf74359a500307aff1a26d081023348ab28
238	92e963f50fc74041b5e9e744c330dca48e04f08d	e4fa01001270fcf5fefa4a2f11d6c793a9fee7db
239	1e5ec956a057585adaa1365615c82810b2f5356f	c6b069f42344ec1cb8d9c8ef0d764896da000d85
240	8111477663813caa1a4469cfe6afaae36cd04513	b53525eaac5590d06785f5fbdd8265b73ecbc911
241	ce657611baf902f14ae559ce4e0787ead6712067	0a4cdc47f96f44c55cfa5a80ff383db2304dd734
242	b1b7ec985805e005055d1d471ca586a715ffc10a	9ab30a6529b5d853f45b77593caada1a44156ed8
243	c50535ed6a10fcae1b64ae83c0f6b1eeb5535afc	07eae146f5b76da9d5bb41bc8825fe486bf0f05a
244	ed66e50d9587fc0bb032e276a2563c0068a5b63a	5c6fe7b6affdd181b76a55b06d32afd6b41b676e
245	599151336638d57b98d92338aa59c048e3a3e97d	fd691a7b0dac25caf6a9ec69934c5b662735ab54
246	2e46565cf622dd0534a9d8bffe152a577b48d7aa	4fb228ae24ec90d8dd5e030fa25effcac0664724
247	fc5b7f3bf1e1414bd4e91db6918c85ace0c873a5	4b6986fcceb200b2edd97d7cc5799d8a7ae53086
248	a2d9daad1d2dfbd307ab158044d1c323d7babbde	72f157be2f81910ae759bfe2e5c2256fc4625645
249	2c2c1af4497514da1be2b571066859701dd79231	45d20e9f61cefb6389be8d16547ddd55b63fb55b
250	97c1df3e54e811aed484a036a798b4b25d002ecf	3393778da387031644385f643c0c163d25b0cd33
251	4877be9019baaf1432f9117bff4873e4ad518d91	b67534c3cd56238e3adfbcd79407e8b4d3c11734
252	5469d7c3087ecaf760f54b447f11af6061b7c897	5363fd5fe17ac1665ff09d0ab616af1e43287b7a
253	2fc09962e24ace45154d0c16024f1eb15700f3e8	ef9fff760b034f17c113944efb6b0b3b29321a45
254	3dc2fa47549aca71773afdd12a78d31802bb22b4	d1168c13578d3b6645c41314c8e0ce0ee0c85f6a
255	3501d059921246ff617b43e86250a719c140bd97	addb3a32b0ed9de074b9c84b094b060141fcfa94
256	3b55e4422087f9f7b241031d758a0c65584e4297	6d3ce108753be2babf15497b4d071d0f9773ceb1
257	4347ab5a086efcba449e7a6f0a14d1474060006b	5e5da2b330fd1a3565cab74a34e81305a4e6deae
258	a1383cd86a062fc798899ab20f0ec2116cce39cb	3ba1945b048afd9cd8dba6b341160fffc4e431a0
259	29b4817d4018df78086157ea3a55c1d9424a7cfc	edc955345c7f0c7aa748545be11eb5f8c3b1d440
260	3a91d29f20276fa7cd4d0c9c7f3e78b30708159d	13eddc67565a7e582c3a1f87627842e0da80291c
261	9c4604a298e0a9807eaf2cd912d1ebf24d98fbeb	556407758052a9b23faa0bd7ecd047e9fcdd61c8
262	15c2ed753cd9e3e746472deab8151337a5b6da56	4d9b7b3ab20064834232eb83a62c4c4d04cb30f8
263	2dab80a8b486f02222a69daca6859519e05781d9	41431e402fc405dcef9a468a815c68b322ad0e62
264	67c3c5e28e9bc1dd244829ba7eac8a446da96ff3	f2d130454e46c3989af1b4f882b6a666d24fa2e0
265	d3e328f2cb01f6f09259a5810baae3edf5416076	686f71029ec23c50e030d6c5c9ea838d3a4e83ce
266	14fa085640a7eb55431eec8a0273bbf0c463ce46	9891f6816000e7addacb6f88986cc2d4f9004be0
267	b2a9601c587dbc5536546aa54009d1130adedd72	4b29da8db2b933ba8c4af165cf4507a9c9d69c32
268	511a36d2f357724312bb3776d2f6eed3890928b2	858ccdfd1586df5b77cf6b2c8da5f6e794169307
269	de948a74ad6f0eefddf36d765b8f2dd6df82caa0	5e949a74f0daa5fd7432f4483922ccdadd302a80
270	a8cfcf15c91455750ecb5213ad1cbe5d9b3ec2ef	a8c55820501476db59f4bbc44023d0ba337f2a86
271	46e16d4b956867013e0bbd7f2bad206f4aa55752	a3cb38ea147c7495644f137434294a39e7c67567
272	2c5d5b13c6eb79f5677e206b8aad59b3a2097f60	4f981b33bdc778b0faadebef912c6bc2bb398730
273	847f716f9ec2c61f57690c871a307f1349d472d0	988a86df7d858492574003b624c9db7a9c9e3d9c
274	4e870e948fbabf62b78e8410f04c67703e7c816b	c512940b28f7e2a88fa2a33ce3343d9c3c798ade
275	0e005888b833ba65dcf2c7aa12958dad6b2b8618	5293e74b7d247f61abfe75bcb8b761c7f77bb8eb
276	6798acaa0138d8b12f1c54402ebcb66fea3deb03	56481c2920bb35e8a0b8abd55eeb5e52e8bce042
277	0664e57ff0c68cbca012a45a38288fa277eb6795	fdfce812d2c6bd0c1eb6ccd3196fe34b5e293c6b
278	76a6abdb2513ad4ea0ded55d2c66160491f2e848	73bcecff7ee24a33241aeb60cd8de94330b45abd
279	f7b2a56e1f3dcbdb4cf09b2b63e859ffe0e09df8	a5a6cebdd016e2d1cc3c60359fce846d5efe16f4
280	5ad3b03e4910f9f62342956ecdc758c7af6b8699	99c3593026995d69b3e89a6c48a64395a0f08c1a
281	8031c3ddc70ab93099e7d1814382dba39f57b43e	e21d66048d4db2206c12344af07a934fd68418e4
282	c360f2b58ee4dbf02c0a08697881aa6bba732bcb	173109cffa11cd87b9baa9aebb66fd856e45d90b
283	a84e32894191cfcbffa54180d78d7d4654d56c20	77f807e34765258d91104c61f2a3bf64d4c3477b
284	6669cb8bed02ec1b60e80f2e1e317afc28544207	cb463364d46787ddf6209db1b5c50386db221ba7
285	512167788a6fe9481a33a3cce5f80b684631a1bb	9bb86db161a368f423958981869d17c53ae5f395
286	1df37383a8aeabb9b418698f0bcdffea01f4b1b2	f7c0071623089656c155ab6eb3c7967389415284
287	146734b091430c80d80bb96b1139a96fb4bc830e	ad0ecc9bf60d96b57a43c423b5273fb060b7e4a5
288	36cae568404a298a19a6e8a3f18641075d4cab04	86534d3d824351868fb0992e13777933edb91e6f
289	d7ec9a05d6defda8432da574a2a888eed6fc29f6	cd21931fb23fe1a87e53f8150b123c6040414112
290	e6ec03a25f12b312b7e0c037fe4a6471c4ee5665	44854a56abe939405bf4792e9bbdaded5f28897d
291	1b028f784e8c341e762c264f70dc0ca1418c8b7a	b243aa88a72263289f962844e8665157a53669d1
292	ae072726f6109bb1c94841d6fb3a82dde298ea85	f6ba44ba3c3664f38c67776108afa8df47b9dec4
293	df206988e03e8510e08b2ee77f3e65010ed97768	52c872554bc5bab85221ebdcb37794f79a314d52
294	c1aa45759e90b4204ab8bce027a925fc7c87d00a	db2697540738d052a6a972d2009c18a41d736e5e
295	c0b5eed110dcf520aadafefbcc40658cbdd18b95	c8a5f83fa43e8464f7bef12a8dc22f4e778bd78b
296	5a64506b5c2c3cdb29d817723205330378075448	04f625fc5a68905f47349ec54538eff5523f29a5
297	a6100603a4a87fc436199362bdb81cb849faaf6e	b2761c510de9dc09a6254b80d9ef6ebba39c4935
298	4a2eb0c37b4759416996fbb4c45b932500cf06d3	6dc50507697ce02fc8118e794b9ffdb20e6ed4ea
299	b241d31ef2f6a289d33dcaa004714b26e06f476f	a6ca08a07293b8187f08ca5792465a3ca6b4114f
300	a5b3a80b899bda0f456f1246c4c5a1191ea01519	a34207e99ce196675d059f1b01baa50850fe7832
301	97da3854c526d3a6ee05c849c96e48d21527606c	80fb16c096858f6bb6aac539644bc474cf276281
302	01747e92a996cc2f2965c28fde485da932836ef8	c23c045d17003108600173074da08c70bd5c78a0
303	7dfb8bf3b9caef4049bee51d2c22e1c3a311d483	0d669d90c1697fead43aafd33417a3a93a7f477c
304	7471fb77ce4dc4cb81291189947fcdf621a97987	a8642e3075fb6d05025e8df2f26750f96555e6c9
305	1018b8b90b1f5cf239d731fb792ddc2b4a2b4ef5	f871c03666d4af3075bae78fa77f6f32cfbc7935
306	e9de475723de5bf207a5b7b88bdca863393e42c8	88090a012c069a1b4f0747827e060e3da7c3de2f
307	4d63763296ab7865a98bc29cc7d77145815ef89f	9f4a8ebb750b8a9b47bcb35b8e621d0f492ed472
308	81f70ba233d5f660e1ea5fe23260ee323af5d53a	dfbed80c63bb8d965067da3a6dbcc4682edcce0c
309	7ddacfa564870cdd97275fd87decb6174abc6380	8e201ff7140a23ea154cad8d348d1e6e79cf0bc7
310	b71acb0e372160167bf6d5500b88b30b52ccef6e	eb982e5ed56821880e35073c45df01562eb850b0
311	93411c27d6504933d2d81399a32bb52e24b06839	37e611e909ecc247cb6a3cfa4b9bd74235025b00
312	43ac9b84a399bc10210a2d9f4e0778b7c6059c07	b4245507843aa51c25f9b5ff5b3f1b3014d0a8cc
313	5dc2d3996a8b221c20dd0900bdad45031a572530	6ac40d2dc0eb70a99418729fd7c9d5ff90925855
314	862d1d89ad9e5b117f1fb2a472cef6fc92c0007a	2c10d3e61756c1c0ffea18679fce6b6b8d59ec65
315	c65b99f046843d2455aa231747b5a07a999a9f3d	3360c51768c3c589e7db3f2a4308b729ebcc7bae
316	7e12e675c17982a8b3cc91314a68f4c4d1bceb92	f9a0da24705a166ea76c1a74cf3c4a77d22d8cc5
317	0195a21079c077abfb475a56830b06b37424982a	91c5e6553af065f30390a76bf0556672d6cbb6ab
318	9aea417afa6bf52f15a5b194944b6a646d61af04	944723bf84d3ff53d09f949d9a4a659c26b53ccf
319	c7fdd3f52944b81d807ce7a5fde7d1ca8a2a0919	486256792807573924b73d1e9203ee303d382978
320	f55532a0c0b8bb6148f4e07853b876ef73bc69ca	9e27e42146211654c8d7a6d4c3fdba72da741759
321	d7475de58575c904818efa369c82e88c6648ce2e	9964b4c4ee925b2910723e509abd7241cff1ef84
322	aee5f29e5afa094e07cc5dabbef460d747b528d4	6b59fb520123e28fd18f73d69aa89c1d3eb402f9
323	60a01828f33051feec8bf74f74e980a163d5a208	f5281f836701b95b782804a97baf5e0702bcb6d3
324	a8d70a054a718b63058b3d3ac58b6181815e4289	8b7b5f76693c865fd85715e0c047719766eea2be
325	d6fd0ae25c6495674dc5a41a8d16bc8e0073276d	f9b9919e59b245e5f6e6973f99ae57b4ef2291a0
326	393cc3f51135ea2520521f776ef3afdf3395c797	1f31381a6cc0e0e5fb06371268388c00f8d04df4
327	549f64153c354e69fc19534f7d7e867de1992f95	9453bd77685ef531d72bf15f74b5aeef6436b797
328	af8c34ce6ae32addda3788d54a7e340cad22516b	298fce960d6bb8b19b616c79d1b6df4914435ca5
329	641519cb61bc766c3b4a70fd9ef14fc9509bf8bf	fc47eea4a7bb1f7a88c503321e5081d76992b2a2
330	c92f5bdc4b9ba509a93f9e386fbb1fa779d4b0d6	db01878ca5dd13ad51ff776309a6b75fd5867764
331	513f86d73855ce556ea9522b6bfd79f87356dc3a	09999807edd836f8d96ca5a5b8bf007856c5f268
332	dd46a7882c2c2006201e053ebf5e9ad761860cc0	aef9f7db7e8cf0cd5357e5b449669af1e7cdccad
333	5323ac5177c445c15f49c91fadf9539a0bc95fa9	6acfa0b5a8cd7bc4ff805be7f5a9914a0eff7f3c
334	8b77b0cfa99edbc4993139aab7592a2315c7bff4	a317afc0c1ce9f49573ae8182d2a0f38d0171962
335	40b25bce0adbe641a744d1291bc0e51fb7f3c3d8	f3963877fbd9da68820e644892cb2a8dbe43aeb1
336	31048d7aedf31bf0f69c54a662944632f29d82f2	410570f9d797823c180a1a69267a86a095374e62
337	ea2465af3bbfa7994d134a401503966ee98710b6	1c3e006c2a46355572b37e0fe075c5b89158f99a
338	fd3fc0b4d7305fa7246622dcc0dec69c42443f45	9a9c1bae4713a45a2f0be76a41c556012c567542
339	f5a952c08e842cb06eb5c65947ced9b5128a62ee	bb6f76ba4c6b29e4650310982dc61639d34fa833
340	b62232d429fa8b1dcf5d8503aa5a5397a03e646a	1b8363d0f0b36155d823e6c99f6c818de1b697cc
341	c470abd4fde40ea6a0846a2beab642a578c0b8cd	f4fc9f3d0496bc5f041bcc8cfb7b65612e8e37b9
342	035f901eac4d2d0fd40f3055026355d55d46949f	a06749016adf68ad281256ddcf74e3bdf7ae28f7
343	5cb2cd68ddf9a13af36cec633006c0f2bdfb300a	8b8fbe5c25abcdc93fcb91c896c40452ca9789a3
344	2677d20677314101293e6da0094ede7b5526d2b1	f200de49dff8fdee95d52d0e127dff72b3409863
345	cff1e01f16f84083e5b4e3a98331ba405fb3fbb5	a725c5201f0807a9f843db525f5f98f6c7a4c25b
346	e0f2e5eb14668dc798942ff5f4241d9bd17f9655	d52288ac550ea8635fab559defe48da4359ca9a3
347	4fbd8d194f06c8a3fd2af1ce560ddb31f7ec8323	8492c95e430d40e67057f7e626aba6a50b2ccdf6
348	fee8fb952d1e1c1a60e2017878a16cf83c92c154	ab75811f71815092dc4f66e283b3851dbc989b2e
349	f013027e266553effa3e9d9d62236ae5ee3b25e7	13b23ccfa28811333b866196e38d0bc35f68240d
350	45b611c896faf29e235d9de6c7a8ceb3393c2b9c	de888782c3de3f32b4cfa859b4829fc1ad856c5f